season,field_code,ice_season_length
2012,600B3,0
2012,LB025,23
2012,LB028,24
2012,LD027,41
2012,LD028,50
2012,LD029,0
2012,LE026,2
2012,LE027,0
2012,LF028,6
2012,LG018,15
2012,LG019,8
2012,LG027,7
2012,LG028,128
2012,LG029,52
2012,LG030,164
2012,LG030,0
2012,LG031,92
2012,LH028,10
2012,LH029,0
2012,LN025,11
2012,LN026,0
2012,LN026,14
2012,LN027,7
2012,LN028,39
2012,LN028,14
2012,LP025,8
2012,LP026,0
2012,LP028,63
2012,LP028,11
2012,LT027,98
2012,LT027,49
2012,LT028,3
2012,LT029,10
2012,LV024,43
2012,LV025,20
2012,LV026,69
2012,LV026,0
2012,LV027,143
2012,LV027,7
2012,LV028,31
2012,LV028,21
2012,LV029,9
2012,LX022,16
2012,LX023,0
2012,LX023,17
2012,LX023,0
2012,LX023,39
2012,LX024,0
2012,LX024,38
2012,LX024,1
2012,LX024,63
2012,LX024,0
2012,LX024,0
2012,LX024,65
2012,LX025,0
2012,LX025,31
2012,LX026,0
2012,LX026,2
2012,LX026,109
2012,LX026,5
2012,LX027,110
2012,LX027,0
2012,LX027,93
2012,LX028,0
2012,LX028,0
2012,LX029,5
2012,LX029,0
2012,LZ018,19
2012,LZ022,4
2012,LZ023,4
2012,LZ024,0
2012,LZ025,7
2012,LZ025,0
2012,LZ025,14
2012,LZ025,104
2012,LZ026,74
2012,LZ026,13
2012,LZ026,44
2012,LZ026,144
2012,LZ026,0
2012,LZ026,0
2012,LZ027,116
2012,LZ027,17
2012,LZ028,0
2012,LZ028,44
2012,LZ029,6
2012,LZ029,0
2012,MA023,0
2012,MA024,33
2012,MA024,77
2012,MA025,91
2012,MA026,0
2012,MA026,0
2012,MA026,113
2012,MA026,12
2012,MA027,7
2012,MA027,0
2012,MA027,29
2012,MA027,74
2012,MA027,0
2012,MA028,0
2012,MA028,49
2012,MA029,0
2012,MB024,119
2012,MB025,3
2012,MB025,144
2012,MB026,133
2012,MB027,109
2012,MB028,80
2012,MB029,0
2012,MD019,103
2012,MF019,2
2012,MF020,37
2012,MF021,0
2012,MG019,28
2012,MG020,10
2012,MG020,0
2012,MG021,116
2012,MG022,88
2012,MM011,7
2012,MM011,169
2012,MM012,18
2012,MM012,126
2012,MM013,1
2012,MN013,0
2012,MN013,0
2012,MN013,135
2012,MT007,16
2012,MT008,0
2012,MT010,22
2012,MV010,73
2012,MV011,60
2012,MV012,16
2012,MX008,94
2012,MX008,0
2012,MX009,123
2012,MX009,119
2012,MX009,129
2012,MX009,84
2012,MX010,37
2012,MX011,4
2012,MX011,0
2012,MX011,0
2012,MX012,0
2012,MX012,0
2012,MZ008,231
2012,MZ008,10
2012,MZ008,0
2012,MZ008,6
2012,MZ009,111
2012,MZ009,0
2012,MZ009,22
2012,MZ010,104
2012,MZ010,0
2012,MZ010,48
2012,MZ011,91
2012,MZ011,4
2012,MZ011,1
2012,NA008,33
2012,NA008,12
2012,NA008,0
2012,NA008,133
2012,NA008,12
2012,NA009,1
2012,NA009,88
2012,NB006,0
2012,NB007,0
2012,NB007,34
2012,NB007,111
2012,NB008,0
2012,NB008,0
2012,NB008,0
2012,NB008,107
2012,NB009,14
2012,NB009,56
2012,ND007,35
2012,ND007,14
2012,ND007,0
2012,ND007,126
2012,ND007,102
2012,ND008,7
2012,ND008,46
2012,ND008,63
2012,ND008,11
2012,ND008,48
2012,ND008,126
2012,ND008,4
2012,ND009,1
2012,NG004,0
2012,NG005,0
2012,NG005,0
2012,NG006,21
2012,NG006,32
2012,NG007,58
2012,NH004,15
2012,NH004,56
2012,NH005,39
2012,NH006,67
2012,NH007,14
2012,NH007,77
2012,NH007,4
2012,NM003,127
2012,NM003,5
2012,NM004,85
2012,NM005,89
2012,NM006,108
2012,NM006,5
2012,NN003,0
2012,NN004,138
2012,NN004,28
2012,NN005,134
2012,NN005,38
2012,NN006,139
2012,NN006,45
2012,NN007,133
2012,NN007,40
2012,NN007,0
2013,600B3,0
2013,KE019,6
2013,LB023,29
2013,LB023,27
2013,LD021,0
2013,LD023,29
2013,LD024,0
2013,LD028,21
2013,LF019,0
2013,LG018,28
2013,LG028,108
2013,LG029,4
2013,LG030,195
2013,LG031,154
2013,LH018,6
2013,LH019,3
2013,LN025,0
2013,LN026,31
2013,LN027,4
2013,LN027,0
2013,LN027,0
2013,LN028,28
2013,LN028,0
2013,LP025,4
2013,LP026,0
2013,LP027,0
2013,LP028,28
2013,LP028,72
2013,LP028,36
2013,LT026,27
2013,LT027,79
2013,LT027,2
2013,LT027,0
2013,LT028,73
2013,LT028,0
2013,LT029,0
2013,LV024,4
2013,LV024,19
2013,LV024,41
2013,LV025,0
2013,LV025,0
2013,LV025,54
2013,LV026,36
2013,LV026,0
2013,LV026,15
2013,LV026,26
2013,LV027,129
2013,LV027,35
2013,LV027,94
2013,LV027,0
2013,LV027,14
2013,LV028,5
2013,LV028,0
2013,LV028,35
2013,LV029,0
2013,LX022,0
2013,LX023,53
2013,LX023,66
2013,LX024,37
2013,LX024,20
2013,LX024,0
2013,LX024,1
2013,LX024,71
2013,LX024,7
2013,LX024,86
2013,LX025,4
2013,LX025,0
2013,LX025,7
2013,LX025,24
2013,LX025,50
2013,LX026,10
2013,LX026,0
2013,LX026,70
2013,LX026,66
2013,LX027,32
2013,LX027,11
2013,LX027,91
2013,LX027,0
2013,LX027,31
2013,LX028,7
2013,LX028,0
2013,LX028,0
2013,LZ018,17
2013,LZ022,32
2013,LZ023,0
2013,LZ024,0
2013,LZ025,84
2013,LZ025,0
2013,LZ026,0
2013,LZ026,0
2013,LZ026,122
2013,LZ026,72
2013,LZ027,0
2013,LZ027,76
2013,LZ027,23
2013,LZ028,42
2013,MA024,56
2013,MA025,0
2013,MA025,15
2013,MA025,14
2013,MA025,0
2013,MA026,67
2013,MA026,121
2013,MA027,44
2013,MA027,66
2013,MA028,0
2013,MA029,0
2013,MB024,0
2013,MB024,76
2013,MB025,9
2013,MB025,113
2013,MB026,3
2013,MB026,57
2013,MB027,84
2013,MB028,4
2013,MD019,26
2013,MF019,45
2013,MF020,84
2013,MF020,0
2013,MF021,40
2013,MG019,88
2013,MG021,77
2013,MG022,59
2013,MG023,2
2013,MM011,0
2013,MM011,98
2013,MM012,48
2013,MN012,5
2013,MN013,41
2013,MT010,46
2013,MV010,54
2013,MV013,0
2013,MX008,70
2013,MX009,118
2013,MX009,143
2013,MX009,37
2013,MX009,62
2013,MX009,3
2013,MX010,76
2013,MX010,0
2013,MX010,19
2013,MZ008,147
2013,MZ008,59
2013,MZ008,34
2013,MZ008,81
2013,MZ009,127
2013,MZ009,84
2013,MZ009,0
2013,MZ009,0
2013,MZ010,100
2013,MZ010,14
2013,MZ010,50
2013,MZ010,50
2013,MZ010,0
2013,MZ011,18
2013,NA008,0
2013,NA008,16
2013,NA008,147
2013,NB007,36
2013,NB008,0
2013,NB008,0
2013,NB008,21
2013,NB008,131
2013,NB009,124
2013,ND007,55
2013,ND007,11
2013,ND007,0
2013,ND007,70
2013,ND007,136
2013,ND007,112
2013,ND008,27
2013,ND008,24
2013,ND008,66
2013,ND008,140
2013,ND009,24
2013,NG006,45
2013,NG007,15
2013,NG007,50
2013,NH005,35
2013,NH006,42
2013,NH007,31
2013,NH008,0
2013,NM003,101
2013,NM004,0
2013,NM005,0
2013,NM006,75
2013,NN003,101
2013,NN004,79
2013,NN004,58
2013,NN005,155
2013,NN005,123
2013,NN006,153
2013,NN006,0
2013,NN006,4
2013,NN006,138
2013,NN007,136
2013,NN007,110
2013,PP390,0
2013,PP391,0
2013,PR396,97
2013,PS394,12
2013,PS395,137
2013,PS395,18
2013,PS396,182
2013,PS396,147
2013,PS404,89
2013,PS404,12
2013,PS404,28
2013,PS405,0
2013,PS405,46
2013,PS405,95
2013,PT398,0
2013,PT404,0
2013,PT404,0
2013,PT404,0
2013,PT405,134
2013,PT405,98
2013,PT405,113
2013,PT406,43
2013,PT406,115
2013,PT406,20
2014,KE019,1
2014,KH020,8
2014,KH021,69
2014,KH021,13
2014,KS018,4
2014,KT018,27
2014,KT019,5
2014,KT019,18
2014,KT019,27
2014,KT020,19
2014,KT020,0
2014,KV019,27
2014,KV019,7
2014,KV020,11
2014,KX020,0
2014,LA026,0
2014,LB022,0
2014,LB023,38
2014,LB024,51
2014,LB025,57
2014,LB028,60
2014,LD022,6
2014,LD022,14
2014,LD023,61
2014,LD026,0
2014,LD027,53
2014,LD028,64
2014,LE027,0
2014,LE028,0
2014,LF026,7
2014,LF028,61
2014,LG018,35
2014,LG028,45
2014,LG029,37
2014,LG030,26
2014,LG030,210
2014,LG030,4
2014,LG030,22
2014,LG031,139
2014,LH018,28
2014,LH019,65
2014,LL027,0
2014,LN024,4
2014,LN024,25
2014,LN025,38
2014,LN025,48
2014,LN026,3
2014,LN026,49
2014,LN027,7
2014,LN027,84
2014,LN027,24
2014,LN027,35
2014,LN028,35
2014,LN028,98
2014,LN028,0
2014,LN028,4
2014,LN029,81
2014,LP024,28
2014,LP025,28
2014,LP026,21
2014,LP028,105
2014,LT026,63
2014,LT026,0
2014,LT027,72
2014,LT028,77
2014,LT028,4
2014,LT028,1
2014,LV024,0
2014,LV024,0
2014,LV024,20
2014,LV024,0
2014,LV024,77
2014,LV025,12
2014,LV025,33
2014,LV025,36
2014,LV025,66
2014,LV026,70
2014,LV026,0
2014,LV026,31
2014,LV026,58
2014,LV026,0
2014,LV026,79
2014,LV027,97
2014,LV027,2
2014,LV027,63
2014,LV027,28
2014,LV028,55
2014,LV028,33
2014,LV029,5
2014,LV029,0
2014,LV029,23
2014,LX021,0
2014,LX021,0
2014,LX022,54
2014,LX023,0
2014,LX023,35
2014,LX023,82
2014,LX023,49
2014,LX023,31
2014,LX023,4
2014,LX023,86
2014,LX024,83
2014,LX024,90
2014,LX024,45
2014,LX024,77
2014,LX024,70
2014,LX024,72
2014,LX024,0
2014,LX024,0
2014,LX024,124
2014,LX025,61
2014,LX025,0
2014,LX025,0
2014,LX025,35
2014,LX025,79
2014,LX026,0
2014,LX026,5
2014,LX026,92
2014,LX026,6
2014,LX026,64
2014,LX027,76
2014,LX027,0
2014,LX027,104
2014,LX027,7
2014,LX028,35
2014,LX028,50
2014,LX028,74
2014,LX029,54
2014,LX029,18
2014,LZ020,11
2014,LZ020,0
2014,LZ021,3
2014,LZ021,15
2014,LZ022,55
2014,LZ022,0
2014,LZ023,0
2014,LZ023,57
2014,LZ023,18
2014,LZ023,49
2014,LZ024,47
2014,LZ024,29
2014,LZ024,15
2014,LZ024,16
2014,LZ024,1
2014,LZ024,65
2014,LZ025,0
2014,LZ025,66
2014,LZ025,107
2014,LZ026,0
2014,LZ026,0
2014,LZ026,122
2014,LZ026,27
2014,LZ026,67
2014,LZ027,0
2014,LZ027,1
2014,LZ027,98
2014,LZ027,25
2014,LZ028,0
2014,LZ028,0
2014,LZ028,90
2014,LZ028,9
2014,LZ029,59
2014,MA009,0
2014,MA022,50
2014,MA022,0
2014,MA023,0
2014,MA024,21
2014,MA024,102
2014,MA025,74
2014,MA026,101
2014,MA027,2
2014,MA027,0
2014,MA028,7
2014,MB008,0
2014,MB019,40
2014,MB022,0
2014,MB023,24
2014,MB024,102
2014,MB025,116
2014,MB026,185
2014,MB027,98
2014,MB028,28
2014,MD019,126
2014,MD019,6
2014,MD019,0
2014,MD020,91
2014,MD020,7
2014,MD023,0
2014,MD024,1
2014,MD025,29
2014,ME019,53
2014,ME020,47
2014,ME021,0
2014,MF019,0
2014,MF019,29
2014,MF020,24
2014,MF020,95
2014,MF021,57
2014,MF021,95
2014,MG018,0
2014,MG019,129
2014,MG020,38
2014,MG020,0
2014,MG021,79
2014,MG021,141
2014,MG021,67
2014,MG021,58
2014,MG021,95
2014,MG022,57
2014,MG022,89
2014,MG022,5
2014,MG022,55
2014,MG022,0
2014,MG022,112
2014,MH006,0
2014,MM004,0
2014,MM007,7
2014,MM010,81
2014,MM011,0
2014,MM011,77
2014,MM012,0
2014,MM012,10
2014,MM012,65
2014,MN003,0
2014,MN012,24
2014,MN013,10
2014,MS007,1
2014,MS008,15
2014,MT007,35
2014,MT008,63
2014,MT009,7
2014,MT010,51
2014,MT015,0
2014,MV007,5
2014,MV009,0
2014,MV009,39
2014,MV010,91
2014,MV011,24
2014,MV012,19
2014,MV013,45
2014,MX008,45
2014,MX008,4
2014,MX009,130
2014,MX009,5
2014,MX009,108
2014,MX009,46
2014,MX010,0
2014,MX011,31
2014,MX011,0
2014,MZ006,0
2014,MZ007,0
2014,MZ008,136
2014,MZ008,73
2014,MZ008,10
2014,MZ008,94
2014,MZ008,76
2014,MZ009,129
2014,MZ009,0
2014,MZ009,135
2014,MZ009,98
2014,MZ009,7
2014,MZ010,225
2014,MZ010,61
2014,MZ010,124
2014,MZ010,54
2014,MZ010,7
2014,MZ011,82
2014,MZ011,38
2014,MZ011,62
2014,MZ011,9
2014,MZ012,0
2014,NA004,0
2014,NA005,0
2014,NA008,4
2014,NA008,128
2014,NA008,13
2014,NA009,12
2014,NA009,0
2014,NB007,78
2014,NB008,0
2014,NB008,122
2014,NB009,0
2014,ND007,121
2014,ND007,7
2014,ND007,137
2014,ND007,137
2014,ND007,33
2014,ND008,0
2014,ND008,17
2014,ND008,16
2014,ND008,27
2014,ND008,122
2014,ND008,7
2014,ND009,0
2014,ND009,40
2014,ND010,0
2014,ND010,0
2014,NG005,0
2014,NG006,33
2014,NG007,34
2014,NH004,53
2014,NH005,42
2014,NH006,53
2014,NH007,34
2014,NM003,168
2014,NM003,71
2014,NM004,107
2014,NM005,0
2014,NM006,9
2014,NM007,5
2014,NM008,0
2014,NN003,88
2014,NN004,116
2014,NN004,12
2014,NN005,154
2014,NN005,0
2014,NN006,147
2014,NN006,56
2014,NN007,84
2014,NZ009,0
2014,PR393,0
2014,PR395,77
2014,PR396,156
2014,PR397,59
2014,PR398,3
2014,PR406,0
2014,PS394,10
2014,PS395,164
2014,PS395,45
2014,PS395,87
2014,PS396,157
2014,PS396,42
2014,PS397,7
2014,PS405,159
2014,PS405,90
2014,PT398,100
2014,PT401,0
2014,PT404,0
2014,PT404,0
2014,PT405,153
2014,PT405,105
2014,PT405,0
2014,PT405,91
2014,PT406,80
2014,PT406,0
2015,LB023,0
2015,LG028,72
2015,LG029,0
2015,LG030,161
2015,LG030,67
2015,LG031,57
2015,LH019,8
2015,LJ019,0
2015,LN025,9
2015,LN026,1
2015,LN027,11
2015,LN027,0
2015,LN028,3
2015,LP025,5
2015,LP027,0
2015,LP028,17
2015,LT026,0
2015,LT026,0
2015,LT027,107
2015,LT028,84
2015,LT028,5
2015,LT029,27
2015,LV024,13
2015,LV024,92
2015,LV025,63
2015,LV025,92
2015,LV025,77
2015,LV026,91
2015,LV026,22
2015,LV026,65
2015,LV027,122
2015,LV027,11
2015,LV027,28
2015,LV027,45
2015,LV027,18
2015,LV027,62
2015,LV027,70
2015,LV028,10
2015,LV028,10
2015,LV028,13
2015,LV028,0
2015,LV028,0
2015,LV029,59
2015,LV029,0
2015,LV029,49
2015,LX023,65
2015,LX023,0
2015,LX023,93
2015,LX024,37
2015,LX024,79
2015,LX024,6
2015,LX024,95
2015,LX024,0
2015,LX024,24
2015,LX024,151
2015,LX025,88
2015,LX025,0
2015,LX025,82
2015,LX026,37
2015,LX026,114
2015,LX026,95
2015,LX027,97
2015,LX027,44
2015,LX027,0
2015,LX027,117
2015,LX027,97
2015,LX028,0
2015,LX028,79
2015,LX028,97
2015,LX028,27
2015,LX029,3
2015,LX029,8
2015,LZ022,8
2015,LZ022,0
2015,LZ023,14
2015,LZ024,23
2015,LZ025,0
2015,LZ025,0
2015,LZ025,119
2015,LZ026,16
2015,LZ026,22
2015,LZ026,142
2015,LZ026,116
2015,LZ026,0
2015,LZ027,133
2015,LZ028,14
2015,LZ028,63
2015,LZ028,0
2015,LZ028,0
2015,LZ029,64
2015,MA020,26
2015,MA024,0
2015,MA024,29
2015,MA024,117
2015,MA024,72
2015,MA025,0
2015,MA025,105
2015,MA025,0
2015,MA026,137
2015,MA026,54
2015,MA027,130
2015,MA027,6
2015,MA028,19
2015,MB023,0
2015,MB024,111
2015,MB025,137
2015,MB026,119
2015,MB026,1
2015,MB027,77
2015,MB028,0
2015,MD024,0
2015,MF019,46
2015,MF020,77
2015,MF020,40
2015,MF021,61
2015,MG019,105
2015,MG019,0
2015,MG020,123
2015,MG021,114
2015,MG022,6
2015,MG023,0
2015,MM011,35
2015,MM011,77
2015,MM012,0
2015,MM012,30
2015,MM012,62
2015,MN006,0
2015,MN006,0
2015,MT010,75
2015,MV008,79
2015,MV008,0
2015,MV009,0
2015,MV009,0
2015,MV009,49
2015,MV010,0
2015,MV010,69
2015,MV011,20
2015,MV012,32
2015,MV013,42
2015,MX008,26
2015,MX009,78
2015,MX009,61
2015,MX009,0
2015,MX009,42
2015,MX009,6
2015,MX009,29
2015,MX009,51
2015,MX010,0
2015,MX010,25
2015,MX011,0
2015,MZ007,0
2015,MZ007,48
2015,MZ008,0
2015,MZ008,135
2015,MZ008,61
2015,MZ008,0
2015,MZ008,117
2015,MZ008,2
2015,MZ008,51
2015,MZ008,27
2015,MZ009,67
2015,MZ009,140
2015,MZ009,40
2015,MZ009,97
2015,MZ009,125
2015,MZ009,4
2015,MZ009,62
2015,MZ009,131
2015,MZ010,126
2015,MZ010,112
2015,MZ010,114
2015,MZ010,9
2015,MZ011,17
2015,MZ011,21
2015,MZ011,1
2015,MZ011,41
2015,MZ012,0
2015,NA008,0
2015,NA008,20
2015,NA008,77
2015,NA008,161
2015,NA009,109
2015,NA009,4
2015,NB007,30
2015,NB008,5
2015,NB008,126
2015,ND006,0
2015,ND007,109
2015,ND007,7
2015,ND007,13
2015,ND007,142
2015,ND007,124
2015,ND008,25
2015,ND008,0
2015,ND008,7
2015,ND008,67
2015,ND008,140
2015,ND008,159
2015,ND009,0
2015,ND009,0
2015,ND009,107
2015,ND010,0
2015,NE010,0
2015,NG006,14
2015,NG007,66
2015,NH006,25
2015,NH007,0
2015,NL005,9
2015,NM003,120
2015,NM003,0
2015,NM004,56
2015,NM005,0
2015,NM006,87
2015,NM007,36
2015,NM007,8
2015,NN003,78
2015,NN004,154
2015,NN004,55
2015,NN005,9
2015,NN005,151
2015,NN006,0
2015,NN006,25
2015,NN006,148
2015,NN006,61
2015,NN007,148
2015,NN007,0
2015,NN007,2
2015,PR392,0
2015,PR395,126
2015,PR396,135
2015,PR396,0
2015,PR397,125
2015,PR397,0
2015,PR397,39
2015,PR398,0
2015,PS392,28
2015,PS394,39
2015,PS395,185
2015,PS395,35
2015,PS395,0
2015,PS396,178
2015,PS397,145
2015,PS398,10
2015,PS405,15
2015,PS405,0
2015,PS405,0
2015,PS406,31
2015,PS406,3
2015,PT398,7
2015,PT405,104
2015,PT405,116
2015,PT405,70
2015,PT406,57
2015,PT406,24
2015,PT406,0
2016,KH021,1
2016,LA025,63
2016,LA026,13
2016,LB023,62
2016,LB023,10
2016,LB024,0
2016,LB025,70
2016,LB025,0
2016,LB026,28
2016,LB027,44
2016,LB028,16
2016,LD024,23
2016,LD024,0
2016,LD025,17
2016,LD026,34
2016,LD027,14
2016,LD027,63
2016,LD028,49
2016,LD028,82
2016,LE027,27
2016,LE027,44
2016,LE028,0
2016,LE028,43
2016,LF026,35
2016,LF026,0
2016,LF027,0
2016,LF027,38
2016,LF028,14
2016,LF028,56
2016,LF028,15
2016,LF028,64
2016,LG018,0
2016,LG018,0
2016,LG018,0
2016,LG021,0
2016,LG028,12
2016,LG028,18
2016,LG029,124
2016,LG029,0
2016,LG030,179
2016,LG030,69
2016,LG030,21
2016,LG030,0
2016,LG030,33
2016,LG031,96
2016,LG031,0
2016,LH018,5
2016,LH019,10
2016,LH020,5
2016,LH028,0
2016,LJ015,0
2016,LJ017,6
2016,LN024,50
2016,LN025,42
2016,LN026,28
2016,LN027,38
2016,LN028,7
2016,LN028,69
2016,LN028,46
2016,LP024,22
2016,LP025,21
2016,LP026,4
2016,LP027,0
2016,LS029,0
2016,LT025,0
2016,LT026,39
2016,LT027,146
2016,LT027,2
2016,LT027,81
2016,LT027,0
2016,LT028,86
2016,LT028,0
2016,LT029,275
2016,LV024,19
2016,LV024,106
2016,LV025,2
2016,LV025,45
2016,LV025,3
2016,LV025,13
2016,LV025,0
2016,LV025,94
2016,LV026,92
2016,LV026,0
2016,LV026,90
2016,LV027,230
2016,LV027,0
2016,LV027,12
2016,LV027,50
2016,LV027,59
2016,LV027,2
2016,LV027,0
2016,LV028,89
2016,LV028,13
2016,LV028,0
2016,LV028,0
2016,LV028,51
2016,LV029,73
2016,LV029,33
2016,LX022,106
2016,LX023,0
2016,LX023,106
2016,LX023,103
2016,LX024,27
2016,LX024,0
2016,LX024,81
2016,LX024,111
2016,LX024,0
2016,LX024,112
2016,LX024,73
2016,LX024,114
2016,LX024,122
2016,LX025,0
2016,LX025,0
2016,LX025,69
2016,LX025,97
2016,LX025,109
2016,LX026,29
2016,LX026,0
2016,LX026,112
2016,LX026,12
2016,LX026,105
2016,LX026,130
2016,LX026,0
2016,LX026,84
2016,LX027,119
2016,LX027,0
2016,LX027,128
2016,LX027,111
2016,LX028,97
2016,LX028,16
2016,LX028,21
2016,LX028,0
2016,LX029,35
2016,LX029,71
2016,LZ018,14
2016,LZ020,11
2016,LZ020,0
2016,LZ021,45
2016,LZ022,87
2016,LZ022,0
2016,LZ022,82
2016,LZ023,98
2016,LZ023,97
2016,LZ024,85
2016,LZ024,97
2016,LZ024,103
2016,LZ025,11
2016,LZ025,145
2016,LZ025,0
2016,LZ026,135
2016,LZ026,7
2016,LZ026,171
2016,LZ026,50
2016,LZ027,143
2016,LZ028,32
2016,LZ028,108
2016,LZ028,1
2016,LZ029,77
2016,MA022,0
2016,MA023,3
2016,MA024,134
2016,MA025,47
2016,MA025,133
2016,MA026,135
2016,MA026,86
2016,MA026,0
2016,MA027,52
2016,MA027,22
2016,MA028,0
2016,MB005,0
2016,MB007,33
2016,MB008,0
2016,MB022,0
2016,MB023,62
2016,MB024,5
2016,MB024,148
2016,MB024,0
2016,MB025,0
2016,MB025,147
2016,MB025,101
2016,MB026,0
2016,MB026,133
2016,MB026,21
2016,MB027,46
2016,MB028,0
2016,MB028,78
2016,MD008,0
2016,MD019,286
2016,MD020,23
2016,MD021,0
2016,MD022,0
2016,MD022,16
2016,ME020,11
2016,ME021,0
2016,MF019,26
2016,MF019,0
2016,MF020,55
2016,MF020,125
2016,MF021,0
2016,MF021,99
2016,MG019,72
2016,MG019,0
2016,MG020,55
2016,MG021,101
2016,MG021,109
2016,MG022,265
2016,MG022,64
2016,MG022,0
2016,MG022,0
2016,MG023,0
2016,MG023,0
2016,MG023,0
2016,MH026,0
2016,MM011,21
2016,MM011,35
2016,MM011,35
2016,MN003,78
2016,MN007,0
2016,MP008,0
2016,MT007,3
2016,MT008,1
2016,MT008,0
2016,MT009,0
2016,MT010,53
2016,MT011,14
2016,MV010,91
2016,MV011,65
2016,MV012,76
2016,MV013,37
2016,MX008,18
2016,MX009,99
2016,MX009,74
2016,MX009,112
2016,MX010,66
2016,MX011,0
2016,MZ007,0
2016,MZ008,163
2016,MZ008,130
2016,MZ008,11
2016,MZ008,7
2016,MZ009,128
2016,MZ009,136
2016,MZ009,107
2016,MZ010,137
2016,MZ010,132
2016,MZ010,97
2016,MZ011,93
2016,MZ011,75
2016,MZ012,3
2016,NA005,0
2016,NA008,0
2016,NA008,154
2016,NA009,59
2016,NA009,98
2016,NA010,0
2016,NB007,10
2016,NB007,60
2016,NB008,87
2016,NB008,0
2016,NB008,0
2016,NB008,0
2016,NB008,112
2016,NB009,42
2016,NB009,92
2016,ND006,0
2016,ND006,0
2016,ND007,25
2016,ND007,27
2016,ND007,2
2016,ND007,22
2016,ND007,155
2016,ND007,25
2016,ND007,135
2016,ND007,0
2016,ND008,49
2016,ND008,28
2016,ND008,154
2016,ND008,161
2016,ND009,20
2016,ND009,0
2016,ND009,24
2016,ND009,82
2016,ND010,3
2016,NG004,0
2016,NG007,21
2016,NG007,41
2016,NG007,36
2016,NG007,59
2016,NG009,0
2016,NH004,0
2016,NH004,11
2016,NH004,66
2016,NH004,1
2016,NH005,1
2016,NH005,22
2016,NH005,0
2016,NM003,143
2016,NM004,0
2016,NM004,10
2016,NM004,0
2016,NM005,1
2016,NM006,38
2016,NM007,11
2016,NN003,0
2016,NN003,157
2016,NN003,28
2016,NN004,0
2016,NN004,157
2016,NN004,41
2016,NN005,0
2016,NN005,156
2016,NN005,0
2016,NN005,6
2016,NN006,65
2016,NN006,22
2016,NN006,157
2016,NN006,52
2016,NN006,6
2016,NN007,0
2016,NN007,156
2016,NN007,25
2016,PR394,91
2016,PR395,86
2016,PR396,137
2016,PR397,111
2016,PR398,35
2016,PS392,34
2016,PS394,141
2016,PS395,173
2016,PS395,0
2016,PS395,0
2016,PS396,208
2016,PS396,0
2016,PS397,133
2016,PS398,0
2016,PS398,0
2016,PS406,0
2016,PT398,45
2016,PT398,6
2016,PT404,0
2016,PT405,126
2016,PT405,89
2016,PT405,0
2016,PT406,94
2016,PT406,73
2016,PT406,33
2016,PT407,0
2017,JV019,0
2017,KE019,7
2017,KH021,0
2017,KS018,27
2017,KS019,16
2017,LA025,1
2017,LB018,0
2017,LB022,0
2017,LB023,0
2017,LB024,0
2017,LB024,0
2017,LB025,5
2017,LB025,49
2017,LB025,52
2017,LB027,46
2017,LB028,0
2017,LB028,64
2017,LD020,37
2017,LD027,73
2017,LD028,69
2017,LD029,0
2017,LE028,31
2017,LF027,0
2017,LF028,48
2017,LG018,24
2017,LG019,18
2017,LG024,0
2017,LG028,277
2017,LG029,0
2017,LG030,174
2017,LG030,58
2017,LG031,96
2017,LG031,52
2017,LG031,5
2017,LH018,11
2017,LH019,31
2017,LH028,1
2017,LH029,1
2017,LN025,0
2017,LN027,15
2017,LN027,3
2017,LN028,14
2017,LN028,77
2017,LN028,28
2017,LN029,0
2017,LN029,32
2017,LP024,8
2017,LP027,49
2017,LP028,7
2017,LP028,35
2017,LP028,70
2017,LP028,34
2017,LP029,0
2017,LS019,0
2017,LS028,0
2017,LS029,18
2017,LT026,72
2017,LT027,280
2017,LT027,19
2017,LT027,10
2017,LT028,114
2017,LT028,14
2017,LT028,4
2017,LT028,60
2017,LT029,67
2017,LT029,0
2017,LT029,6
2017,LV023,0
2017,LV024,99
2017,LV025,0
2017,LV025,25
2017,LV025,0
2017,LV025,0
2017,LV025,84
2017,LV026,106
2017,LV026,88
2017,LV027,137
2017,LV027,0
2017,LV027,42
2017,LV027,44
2017,LV027,4
2017,LV028,81
2017,LV028,0
2017,LV028,60
2017,LV028,23
2017,LV029,21
2017,LV029,33
2017,LV029,58
2017,LX021,0
2017,LX022,60
2017,LX022,72
2017,LX023,93
2017,LX023,32
2017,LX023,5
2017,LX023,95
2017,LX024,5
2017,LX024,0
2017,LX024,97
2017,LX024,37
2017,LX024,97
2017,LX024,0
2017,LX024,0
2017,LX024,91
2017,LX024,33
2017,LX024,5
2017,LX024,111
2017,LX025,0
2017,LX025,14
2017,LX025,50
2017,LX025,96
2017,LX026,96
2017,LX026,0
2017,LX026,31
2017,LX026,0
2017,LX026,95
2017,LX026,83
2017,LX027,96
2017,LX027,16
2017,LX027,14
2017,LX027,110
2017,LX027,5
2017,LX027,81
2017,LX028,72
2017,LX028,16
2017,LX028,29
2017,LX029,84
2017,LX029,0
2017,LX029,0
2017,LZ017,0
2017,LZ018,31
2017,LZ018,0
2017,LZ018,61
2017,LZ019,5
2017,LZ019,35
2017,LZ020,35
2017,LZ020,26
2017,LZ021,5
2017,LZ021,34
2017,LZ021,11
2017,LZ021,24
2017,LZ021,41
2017,LZ022,0
2017,LZ022,56
2017,LZ022,35
2017,LZ022,36
2017,LZ023,60
2017,LZ023,0
2017,LZ023,33
2017,LZ023,0
2017,LZ023,99
2017,LZ024,0
2017,LZ024,3
2017,LZ024,0
2017,LZ024,108
2017,LZ024,14
2017,LZ024,82
2017,LZ025,0
2017,LZ025,112
2017,LZ025,101
2017,LZ026,35
2017,LZ026,17
2017,LZ026,123
2017,LZ026,30
2017,LZ027,0
2017,LZ027,0
2017,LZ027,106
2017,LZ027,14
2017,LZ028,28
2017,LZ028,88
2017,LZ028,62
2017,LZ029,0
2017,LZ029,9
2017,MA021,7
2017,MA022,0
2017,MA023,0
2017,MA023,45
2017,MA023,19
2017,MA024,89
2017,MA024,26
2017,MA024,95
2017,MA025,100
2017,MA026,112
2017,MA026,67
2017,MA026,22
2017,MA027,0
2017,MA027,32
2017,MA027,0
2017,MA028,37
2017,MB023,0
2017,MB024,46
2017,MB024,112
2017,MB025,0
2017,MB025,116
2017,MB026,0
2017,MB026,100
2017,MB027,12
2017,MB027,54
2017,MB028,61
2017,MD015,0
2017,MD020,0
2017,MD020,0
2017,MD022,253
2017,MD023,21
2017,MD024,0
2017,MD025,0
2017,ME020,0
2017,MG022,0
2017,MG023,23
2017,MM011,28
2017,MM011,133
2017,MM012,3
2017,MM012,29
2017,MN003,0
2017,MT007,16
2017,MT007,19
2017,MT007,53
2017,MT008,12
2017,MT008,46
2017,MT010,31
2017,MT010,80
2017,MT011,0
2017,MV008,0
2017,MV010,77
2017,MV010,91
2017,MV011,63
2017,MV011,55
2017,MV012,38
2017,MV013,49
2017,MX008,20
2017,MX009,107
2017,MX009,62
2017,MX009,25
2017,MX010,96
2017,MZ008,127
2017,MZ008,113
2017,MZ008,131
2017,MZ008,4
2017,MZ009,120
2017,MZ009,45
2017,MZ009,121
2017,MZ009,39
2017,MZ010,111
2017,MZ010,112
2017,MZ011,1
2017,NA007,18
2017,NA008,60
2017,NA008,128
2017,NA009,109
2017,NA009,0
2017,NB007,0
2017,NB008,0
2017,NB008,128
2017,NB009,46
2017,ND007,17
2017,ND007,44
2017,ND007,128
2017,ND007,111
2017,ND008,45
2017,ND008,92
2017,ND008,125
2017,ND009,70
2017,ND009,82
2017,ND010,5
2017,NG007,4
2017,NG007,19
2017,NH004,0
2017,NH004,21
2017,NH005,0
2017,NM003,25
2017,NM003,129
2017,NM004,67
2017,NM005,95
2017,NM006,0
2017,NM006,90
2017,NM006,0
2017,NN003,30
2017,NN003,136
2017,NN003,3
2017,NN003,4
2017,NN004,0
2017,NN004,136
2017,NN004,20
2017,NN004,76
2017,NN005,130
2017,NN005,5
2017,NN006,127
2017,NN006,36
2017,NN007,5
2017,NP003,21
2017,NP004,0
2017,PR395,133
2017,PR396,137
2017,PR397,120
2017,PR398,12
2017,PR406,0
2017,PR406,0
2017,PR406,0
2017,PS393,132
2017,PS394,190
2017,PS395,219
2017,PS395,51
2017,PS395,0
2017,PS396,197
2017,PS396,0
2017,PS397,75
2017,PS404,38
2017,PS405,25
2017,PS405,61
2017,PS406,37
2017,PS406,0
2017,PT404,0
2017,PT405,40
2017,PT405,86
2017,PT405,129
2017,PT405,92
2017,PT406,101
2017,PT406,97
2017,PT406,47
2017,PT407,0
2017,PT407,21
2017,PT407,29
2017,PT408,23
2017,PT408,21
2018,KH021,9
2018,KS018,11
2018,LD027,22
2018,LD028,17
2018,LE026,6
2018,LE027,26
2018,LE028,22
2018,LF028,0
2018,LG018,23
2018,LG019,0
2018,LG028,17
2018,LG030,139
2018,LG030,12
2018,LG031,136
2018,LN026,0
2018,LN027,9
2018,LN027,54
2018,LN027,0
2018,LN028,68
2018,LN028,32
2018,LN028,25
2018,LN029,0
2018,LN030,0
2018,LN030,0
2018,LP024,0
2018,LP027,14
2018,LP028,74
2018,LP029,0
2018,LP030,8
2018,LT026,93
2018,LT026,1
2018,LT027,125
2018,LT027,42
2018,LT027,0
2018,LT027,0
2018,LT027,0
2018,LT027,78
2018,LT028,121
2018,LT028,11
2018,LT028,29
2018,LT028,27
2018,LT028,0
2018,LT029,75
2018,LT029,7
2018,LT030,20
2018,LV023,2
2018,LV024,0
2018,LV024,11
2018,LV024,114
2018,LV025,55
2018,LV025,27
2018,LV025,71
2018,LV025,3
2018,LV025,42
2018,LV025,0
2018,LV025,103
2018,LV026,122
2018,LV026,1
2018,LV026,103
2018,LV027,130
2018,LV027,0
2018,LV027,6
2018,LV027,2
2018,LV027,3
2018,LV027,11
2018,LV028,93
2018,LV028,32
2018,LV028,0
2018,LV029,80
2018,LV029,0
2018,LX021,43
2018,LX022,94
2018,LX023,83
2018,LX023,107
2018,LX023,49
2018,LX023,0
2018,LX023,114
2018,LX024,74
2018,LX024,0
2018,LX024,51
2018,LX024,108
2018,LX024,36
2018,LX024,108
2018,LX024,0
2018,LX024,20
2018,LX024,131
2018,LX025,18
2018,LX025,46
2018,LX025,0
2018,LX025,0
2018,LX025,59
2018,LX025,110
2018,LX026,76
2018,LX026,39
2018,LX026,100
2018,LX026,122
2018,LX026,106
2018,LX027,118
2018,LX027,114
2018,LX027,7
2018,LX027,0
2018,LX028,39
2018,LX028,0
2018,LX028,0
2018,LX028,26
2018,LX028,0
2018,LX029,62
2018,LX029,40
2018,LX029,3
2018,LX029,30
2018,LZ018,29
2018,LZ018,0
2018,LZ018,23
2018,LZ019,0
2018,LZ020,42
2018,LZ020,24
2018,LZ020,8
2018,LZ020,32
2018,LZ021,5
2018,LZ021,94
2018,LZ021,0
2018,LZ021,26
2018,LZ021,46
2018,LZ022,11
2018,LZ022,100
2018,LZ022,0
2018,LZ022,11
2018,LZ022,52
2018,LZ022,0
2018,LZ022,0
2018,LZ022,58
2018,LZ023,103
2018,LZ023,0
2018,LZ023,0
2018,LZ023,51
2018,LZ023,64
2018,LZ024,0
2018,LZ024,55
2018,LZ024,84
2018,LZ024,12
2018,LZ024,0
2018,LZ024,110
2018,LZ024,49
2018,LZ024,52
2018,LZ024,111
2018,LZ025,0
2018,LZ025,0
2018,LZ025,134
2018,LZ025,0
2018,LZ025,105
2018,LZ026,8
2018,LZ026,134
2018,LZ026,23
2018,LZ026,10
2018,LZ026,94
2018,LZ027,0
2018,LZ027,123
2018,LZ027,0
2018,LZ028,0
2018,LZ028,59
2018,LZ029,0
2018,LZ029,0
2018,LZ029,116
2018,LZ029,32
2018,MA018,0
2018,MA020,0
2018,MA021,47
2018,MA023,55
2018,MA023,5
2018,MA023,51
2018,MA024,67
2018,MA024,147
2018,MA024,101
2018,MA025,63
2018,MA025,112
2018,MA026,123
2018,MA026,105
2018,MA027,79
2018,MA028,37
2018,MB015,0
2018,MB023,0
2018,MB023,83
2018,MB024,12
2018,MB024,132
2018,MB024,0
2018,MB025,0
2018,MB025,0
2018,MB025,147
2018,MB025,23
2018,MB026,116
2018,MB027,53
2018,MB028,23
2018,MB028,0
2018,MD019,0
2018,MD023,77
2018,MD024,0
2018,MD024,50
2018,MG021,0
2018,MG021,20
2018,MG022,4
2018,MG022,45
2018,MM008,0
2018,MM011,43
2018,MM011,9
2018,MM011,73
2018,MM011,112
2018,MM012,37
2018,MP009,0
2018,MR008,0
2018,MT007,30
2018,MT008,64
2018,MT009,7
2018,MT010,17
2018,MT010,2
2018,MT010,1
2018,MT010,82
2018,MV009,0
2018,MV010,104
2018,MV010,0
2018,MV011,59
2018,MV012,69
2018,MX008,137
2018,MX008,0
2018,MX009,135
2018,MX009,53
2018,MX009,86
2018,MX009,0
2018,MX009,3
2018,MX010,85
2018,MX010,0
2018,MX011,5
2018,MZ007,0
2018,MZ008,145
2018,MZ008,78
2018,MZ008,0
2018,MZ008,105
2018,MZ008,0
2018,MZ008,112
2018,MZ009,151
2018,MZ009,35
2018,MZ009,0
2018,MZ009,143
2018,MZ009,0
2018,MZ009,1
2018,MZ009,58
2018,MZ010,133
2018,MZ010,0
2018,MZ010,111
2018,MZ010,0
2018,MZ010,19
2018,MZ011,51
2018,MZ011,0
2018,MZ011,41
2018,MZ012,24
2018,NA008,0
2018,NA008,134
2018,NA009,85
2018,NB007,18
2018,NB007,0
2018,NB007,68
2018,NB008,111
2018,NB008,7
2018,NB008,131
2018,NB009,1
2018,NB009,0
2018,NB009,74
2018,ND007,41
2018,ND007,138
2018,ND007,136
2018,ND008,0
2018,ND008,101
2018,ND008,84
2018,ND008,131
2018,ND009,11
2018,ND009,32
2018,ND009,73
2018,ND010,12
2018,ND010,4
2018,ND010,41
2018,ND010,14
2018,NE008,0
2018,NG004,0
2018,NG005,0
2018,NG007,73
2018,NG007,0
2018,NG007,64
2018,NG007,7
2018,NG007,78
2018,NG007,167
2018,NH004,71
2018,NH004,23
2018,NH004,0
2018,NH004,82
2018,NH005,0
2018,NH005,82
2018,NH005,1
2018,NH005,89
2018,NH006,6
2018,NH007,0
2018,NJ006,4
2018,NM002,129
2018,NM003,71
2018,NM003,201
2018,NM003,95
2018,NM004,49
2018,NM004,0
2018,NM006,170
2018,NM006,15
2018,NM007,151
2018,NM008,0
2018,NN002,0
2018,NN002,187
2018,NN002,0
2018,NN003,8
2018,NN003,199
2018,NN003,128
2018,NN004,19
2018,NN004,196
2018,NN004,30
2018,NN004,142
2018,NN005,13
2018,NN005,194
2018,NN005,0
2018,NN005,127
2018,NN006,106
2018,NN006,173
2018,NN006,0
2018,NN007,189
2018,NP003,170
2018,NP004,112
2018,PR391,0
2018,PR394,34
2018,PR394,13
2018,PR395,0
2018,PR395,0
2018,PR396,179
2018,PR396,0
2018,PR396,0
2018,PR397,59
2018,PR405,0
2018,PR406,0
2018,PS394,187
2018,PS394,28
2018,PS394,124
2018,PS395,208
2018,PS395,0
2018,PS396,198
2018,PS396,2
2018,PS396,41
2018,PS397,40
2018,PS404,0
2018,PS406,0
2018,PS406,18
2018,PT405,54
2018,PT405,102
2018,PT405,42
2018,PT406,36
2018,PT406,79
2018,PT406,0
2019,LD028,18
2019,LE026,0
2019,LE027,23
2019,LE028,12
2019,LF028,0
2019,LG028,6
2019,LG030,66
2019,LG031,123
2019,LG031,0
2019,LG032,90
2019,LG032,30
2019,LH019,9
2019,LH030,0
2019,LN024,12
2019,LN025,7
2019,LN025,29
2019,LN026,15
2019,LN027,33
2019,LN028,36
2019,LN028,35
2019,LP025,18
2019,LP027,40
2019,LP028,65
2019,LP028,47
2019,LP028,25
2019,LT026,71
2019,LT026,0
2019,LT026,0
2019,LT027,104
2019,LT027,49
2019,LT027,57
2019,LT027,24
2019,LT027,32
2019,LT028,118
2019,LT028,0
2019,LT028,61
2019,LT028,3
2019,LT028,32
2019,LT029,78
2019,LT029,0
2019,LT030,7
2019,LV023,1
2019,LV024,0
2019,LV024,0
2019,LV024,82
2019,LV025,0
2019,LV025,7
2019,LV025,10
2019,LV025,0
2019,LV025,39
2019,LV025,0
2019,LV025,85
2019,LV026,105
2019,LV026,0
2019,LV026,80
2019,LV027,116
2019,LV027,0
2019,LV027,92
2019,LV028,71
2019,LV028,0
2019,LV029,43
2019,LX021,16
2019,LX022,64
2019,LX022,0
2019,LX023,23
2019,LX023,32
2019,LX023,78
2019,LX023,12
2019,LX023,0
2019,LX023,74
2019,LX024,0
2019,LX024,73
2019,LX024,72
2019,LX024,94
2019,LX024,38
2019,LX024,0
2019,LX024,63
2019,LX024,29
2019,LX024,110
2019,LX025,75
2019,LX025,58
2019,LX025,0
2019,LX025,38
2019,LX025,106
2019,LX026,49
2019,LX026,34
2019,LX026,113
2019,LX026,0
2019,LX026,88
2019,LX027,107
2019,LX027,0
2019,LX027,106
2019,LX027,76
2019,LX028,71
2019,LX028,31
2019,LX028,74
2019,LX028,0
2019,LX028,42
2019,LX029,53
2019,LX029,0
2019,LZ018,0
2019,LZ020,3
2019,LZ020,0
2019,LZ021,33
2019,LZ021,0
2019,LZ021,0
2019,LZ022,52
2019,LZ022,19
2019,LZ022,36
2019,LZ023,0
2019,LZ023,59
2019,LZ023,38
2019,LZ023,47
2019,LZ024,0
2019,LZ024,98
2019,LZ024,0
2019,LZ024,89
2019,LZ025,0
2019,LZ025,0
2019,LZ025,100
2019,LZ025,7
2019,LZ025,92
2019,LZ026,91
2019,LZ026,26
2019,LZ026,82
2019,LZ026,127
2019,LZ026,0
2019,LZ026,57
2019,LZ027,0
2019,LZ027,118
2019,LZ027,9
2019,LZ027,8
2019,LZ027,39
2019,LZ028,15
2019,LZ028,113
2019,LZ028,16
2019,LZ029,0
2019,LZ029,8
2019,LZ029,104
2019,LZ029,0
2019,MA022,0
2019,MA023,13
2019,MA023,6
2019,MA024,1
2019,MA024,52
2019,MA024,107
2019,MA024,0
2019,MA025,10
2019,MA025,112
2019,MA025,28
2019,MA026,6
2019,MA026,119
2019,MA026,0
2019,MA026,19
2019,MA027,0
2019,MA027,117
2019,MA027,7
2019,MA028,12
2019,MB023,9
2019,MB023,42
2019,MB024,9
2019,MB024,109
2019,MB025,60
2019,MB025,117
2019,MB025,5
2019,MB026,24
2019,MB026,115
2019,MB026,18
2019,MB027,26
2019,MB028,8
2019,MB028,105
2019,MD019,0
2019,MD022,0
2019,MD023,23
2019,MD024,73
2019,MD025,0
2019,MD027,0
2019,MG021,0
2019,MG021,6
2019,MG021,44
2019,MG022,2
2019,MG022,1
2019,MM011,58
2019,MM011,91
2019,MM011,94
2019,MT007,13
2019,MT008,31
2019,MT010,20
2019,MT010,39
2019,MV008,0
2019,MV010,59
2019,MV011,23
2019,MV012,13
2019,MX008,69
2019,MX009,87
2019,MX009,20
2019,MX009,55
2019,MX010,0
2019,MX010,72
2019,MZ008,102
2019,MZ008,79
2019,MZ008,107
2019,MZ009,111
2019,MZ009,57
2019,MZ009,6
2019,MZ009,109
2019,MZ009,0
2019,MZ010,91
2019,MZ010,79
2019,MZ010,14
2019,MZ011,0
2019,NA008,14
2019,NA008,111
2019,NA008,12
2019,NA009,3
2019,NA009,59
2019,NA009,0
2019,NB007,0
2019,NB008,26
2019,NB008,86
2019,NB009,6
2019,NB009,0
2019,ND007,19
2019,ND007,11
2019,ND007,123
2019,ND007,0
2019,ND008,46
2019,ND008,14
2019,ND008,31
2019,ND008,26
2019,ND008,101
2019,ND010,0
2019,NG007,91
2019,NH003,0
2019,NH004,97
2019,NH005,0
2019,NH005,46
2019,NH006,19
2019,NH006,75
2019,NH007,0
2019,NH007,49
2019,NM002,96
2019,NM002,16
2019,NM003,42
2019,NM003,125
2019,NM003,60
2019,NM003,20
2019,NM004,104
2019,NM004,14
2019,NM006,122
2019,NM007,123
2019,NN002,0
2019,NN002,121
2019,NN002,30
2019,NN002,33
2019,NN003,89
2019,NN003,125
2019,NN003,52
2019,NN003,0
2019,NN004,41
2019,NN004,125
2019,NN004,0
2019,NN004,6
2019,NN004,0
2019,NN005,0
2019,NN005,123
2019,NN005,110
2019,NN006,125
2019,NN007,110
2019,NP003,0
2019,NP003,14
2019,NP003,91
2019,NP004,94
2019,NP004,27
2019,PR392,0
2019,PR395,35
2019,PR396,118
2019,PR397,113
2019,PS392,13
2019,PS394,36
2019,PS395,185
2019,PS395,151
2019,PS395,41
2019,PS395,156
2019,PS396,101
2019,PS397,0
2019,PS399,14
2019,PS399,22
2019,PS401,0
2019,PS405,35
2019,PT398,69
2019,PT398,16
2019,PT405,59
2019,PT405,101
2019,PT405,20
2019,PT406,6
2019,PT406,115
2019,PT407,0
2020,HF035,0
2020,KT018,0
2020,LG029,0
2020,LG030,76
2020,LG030,38
2020,LG031,88
2020,LG031,9
2020,LG032,93
2020,LN026,0
2020,LN027,32
2020,LN028,0
2020,LN028,121
2020,LN028,0
2020,LN029,0
2020,LN029,0
2020,LN029,0
2020,LP026,0
2020,LP027,0
2020,LP028,73
2020,LP028,48
2020,LS029,0
2020,LT025,0
2020,LT026,0
2020,LT026,0
2020,LT026,10
2020,LT027,87
2020,LT027,16
2020,LT027,28
2020,LT027,32
2020,LT028,115
2020,LT028,17
2020,LT028,32
2020,LT029,76
2020,LV024,23
2020,LV024,23
2020,LV025,72
2020,LV025,21
2020,LV025,23
2020,LV026,47
2020,LV026,3
2020,LV026,30
2020,LV026,0
2020,LV026,35
2020,LV027,91
2020,LV027,20
2020,LV027,0
2020,LV027,0
2020,LV027,12
2020,LV028,48
2020,LV028,0
2020,LV028,0
2020,LV028,0
2020,LV029,12
2020,LV029,0
2020,LX023,10
2020,LX023,1
2020,LX024,32
2020,LX024,41
2020,LX024,0
2020,LX024,0
2020,LX024,0
2020,LX024,87
2020,LX025,14
2020,LX025,0
2020,LX026,13
2020,LX026,38
2020,LX026,50
2020,LX026,0
2020,LX026,0
2020,LX026,0
2020,LX027,73
2020,LX027,69
2020,LX027,33
2020,LX028,71
2020,LX028,10
2020,LX028,11
2020,LX028,24
2020,LX028,16
2020,LX028,6
2020,LX029,0
2020,LZ021,3
2020,LZ021,0
2020,LZ025,0
2020,LZ025,65
2020,LZ026,7
2020,LZ026,5
2020,LZ026,80
2020,LZ026,97
2020,LZ026,13
2020,LZ027,99
2020,LZ027,61
2020,LZ028,76
2020,LZ028,19
2020,LZ029,0
2020,MA024,7
2020,MA024,65
2020,MA024,65
2020,MA025,18
2020,MA025,0
2020,MA025,65
2020,MA025,0
2020,MA026,0
2020,MA026,81
2020,MA026,42
2020,MA026,17
2020,MA027,0
2020,MA028,0
2020,MA028,58
2020,MA028,14
2020,MB024,54
2020,MB025,0
2020,MB025,83
2020,MB025,29
2020,MB026,7
2020,MB026,78
2020,MB026,44
2020,MB027,12
2020,MB028,68
2020,MB028,1
2020,MM010,0
2020,MM011,66
2020,MM011,94
2020,MM012,2
2020,MT008,61
2020,MT009,1
2020,MT010,44
2020,MT010,64
2020,MV010,88
2020,MV010,0
2020,MV011,26
2020,MV012,31
2020,MV013,16
2020,MX008,1
2020,MX009,109
2020,MX009,26
2020,MX009,65
2020,MX009,96
2020,MX010,60
2020,MZ007,43
2020,MZ008,119
2020,MZ008,89
2020,MZ008,77
2020,MZ008,27
2020,MZ009,114
2020,MZ009,106
2020,MZ010,116
2020,MZ010,42
2020,MZ010,86
2020,MZ011,68
2020,NA007,0
2020,NA008,7
2020,NA008,95
2020,NA009,34
2020,NA009,1
2020,NB007,17
2020,NB008,65
2020,ND007,77
2020,ND007,13
2020,ND007,37
2020,ND008,51
2020,ND008,87
2020,ND008,11
2020,ND009,0
2020,ND009,11
2020,ND009,14
2020,ND010,19
2020,NG005,0
2020,NG005,0
2020,NG006,0
2020,NG007,53
2020,NG007,127
2020,NH001,0
2020,NH004,48
2020,NH004,28
2020,NH004,83
2020,NH005,48
2020,NH005,88
2020,NH006,37
2020,NH006,53
2020,NH006,125
2020,NH007,10
2020,NH007,21
2020,NH007,126
2020,NK005,0
2020,NM003,0
2020,NM003,161
2020,NM004,108
2020,NM005,0
2020,NM006,2
2020,NM006,117
2020,NM006,5
2020,NM007,1
2020,NN001,0
2020,NN002,136
2020,NN003,137
2020,NN003,7
2020,NN004,161
2020,NN005,7
2020,NN005,158
2020,NN005,0
2020,NN006,8
2020,NN006,130
2020,NN006,16
2020,NN007,91
2020,NP002,0
2020,NP003,133
2020,NP003,5
2020,NP004,99
2020,NP005,60
2020,PR396,0
2020,PR397,22
2020,PS394,0
2020,PS395,156
2020,PS395,32
2020,PS396,68
2020,PS397,27
2020,PS398,0
2020,PS398,0
2020,PS399,0
2020,PS399,0
2020,PS406,8
2020,PS406,0
2020,PT405,0
2020,PT405,0
2020,PT406,77
2020,PT406,126
2020,PT406,16
2020,PT407,77
2020,PT407,81
2020,PT407,7
2021,KH021,38
2021,KV019,38
2021,LB022,0
2021,LB023,34
2021,LD001,0
2021,LD021,0
2021,LD022,32
2021,LD023,42
2021,LD024,40
2021,LE020,0
2021,LE022,0
2021,LF028,0
2021,LG030,109
2021,LG030,17
2021,LG031,66
2021,LG032,0
2021,LH018,5
2021,LH019,6
2021,LN027,29
2021,LN028,46
2021,LP027,52
2021,LP028,4
2021,LP028,1
2021,LP028,48
2021,LP028,0
2021,LP029,0
2021,LR022,0
2021,LT026,0
2021,LT027,84
2021,LT027,5
2021,LT027,0
2021,LT028,87
2021,LT028,11
2021,LT028,36
2021,LT029,21
2021,LT029,5
2021,LV023,40
2021,LV024,2
2021,LV024,5
2021,LV024,6
2021,LV024,35
2021,LV025,44
2021,LV025,52
2021,LV025,0
2021,LV025,15
2021,LV025,71
2021,LV026,49
2021,LV026,19
2021,LV026,14
2021,LV026,0
2021,LV026,21
2021,LV027,87
2021,LV027,33
2021,LV027,30
2021,LV027,0
2021,LV028,72
2021,LV028,18
2021,LX022,15
2021,LX023,0
2021,LX023,82
2021,LX023,54
2021,LX024,49
2021,LX024,24
2021,LX024,14
2021,LX024,39
2021,LX024,85
2021,LX024,76
2021,LX024,6
2021,LX024,14
2021,LX024,101
2021,LX025,39
2021,LX025,15
2021,LX025,42
2021,LX025,62
2021,LX025,0
2021,LX025,82
2021,LX026,0
2021,LX026,103
2021,LX026,0
2021,LX026,63
2021,LX027,76
2021,LX027,0
2021,LX027,7
2021,LX027,89
2021,LX027,0
2021,LX027,25
2021,LX028,53
2021,LX028,13
2021,LX028,36
2021,LX028,23
2021,LX029,25
2021,LZ019,0
2021,LZ023,46
2021,LZ024,14
2021,LZ024,0
2021,LZ024,82
2021,LZ024,42
2021,LZ024,67
2021,LZ025,86
2021,LZ025,1
2021,LZ025,70
2021,LZ026,18
2021,LZ026,0
2021,LZ026,5
2021,LZ026,133
2021,LZ026,11
2021,LZ026,6
2021,LZ026,37
2021,LZ027,0
2021,LZ027,0
2021,LZ027,117
2021,LZ027,0
2021,LZ027,1
2021,LZ028,4
2021,LZ028,0
2021,LZ028,24
2021,LZ028,88
2021,LZ028,0
2021,LZ029,0
2021,LZ029,75
2021,LZ029,0
2021,MA024,2
2021,MA024,4
2021,MA024,9
2021,MA024,88
2021,MA024,48
2021,MA025,6
2021,MA025,70
2021,MA025,0
2021,MA026,22
2021,MA026,109
2021,MA026,64
2021,MA026,81
2021,MA027,1
2021,MA027,0
2021,MA027,97
2021,MA027,0
2021,MA028,13
2021,MA028,0
2021,MB023,0
2021,MB024,23
2021,MB024,6
2021,MB024,90
2021,MB024,10
2021,MB025,24
2021,MB025,0
2021,MB025,102
2021,MB025,0
2021,MB026,1
2021,MB026,101
2021,MB026,83
2021,MB027,55
2021,MB027,17
2021,MB028,0
2021,MB028,77
2021,ML010,27
2021,ML011,15
2021,MM010,93
2021,MM011,105
2021,MM012,172
2021,MN011,0
2021,MN011,13
2021,MN013,22
2021,MT007,13
2021,MT007,0
2021,MT008,35
2021,MT009,0
2021,MT010,79
2021,MV007,0
2021,MV010,78
2021,MV011,52
2021,MV012,66
2021,MV013,3
2021,MX007,40
2021,MX008,84
2021,MX008,0
2021,MX009,115
2021,MX009,82
2021,MX009,109
2021,MX009,18
2021,MX009,0
2021,MZ007,40
2021,MZ008,123
2021,MZ008,124
2021,MZ008,21
2021,MZ008,92
2021,MZ008,7
2021,MZ008,71
2021,MZ009,132
2021,MZ009,123
2021,MZ009,49
2021,MZ009,0
2021,MZ010,84
2021,MZ010,104
2021,MZ010,8
2021,MZ011,2
2021,MZ011,39
2021,NA006,0
2021,NA007,31
2021,NA008,0
2021,NA008,86
2021,NA009,70
2021,NA009,0
2021,NB007,71
2021,NB007,0
2021,NB008,0
2021,NB008,0
2021,NB008,14
2021,NB008,84
2021,NB008,0
2021,NB009,0
2021,ND007,5
2021,ND007,119
2021,ND007,0
2021,ND007,35
2021,ND007,40
2021,ND008,5
2021,ND008,113
2021,ND008,17
2021,ND008,120
2021,ND009,0
2021,ND009,30
2021,ND009,32
2021,ND010,0
2021,NG006,0
2021,NG006,14
2021,NG007,0
2021,NG007,2
2021,NG007,53
2021,NG007,115
2021,NH004,104
2021,NH005,13
2021,NH005,42
2021,NH006,32
2021,NH006,0
2021,NH006,0
2021,NH006,133
2021,NH007,10
2021,NH007,129
2021,NL001,0
2021,NL006,0
2021,NM001,0
2021,NM002,92
2021,NM003,0
2021,NM003,127
2021,NM003,0
2021,NM004,85
2021,NM005,61
2021,NM006,62
2021,NM007,70
2021,NN001,63
2021,NN001,14
2021,NN002,78
2021,NN003,119
2021,NN004,117
2021,NN005,92
2021,NN006,109
2021,NN006,7
2021,NN007,64
2021,NP001,42
2021,NP003,57
2021,NP004,45
2021,PR390,0
2021,PR396,31
2021,PR397,94
2021,PR397,0
2021,PR398,98
2021,PS394,42
2021,PS395,199
2021,PS395,10
2021,PS396,120
2021,PS397,150
2021,PS404,0
2021,PS405,21
2021,PS406,0
2021,PS406,0
2021,PT397,0
2021,PT398,46
2021,PT400,0
2021,PT404,17
2021,PT405,131
2021,PT405,106
2021,PT406,135
2021,PT406,93
2021,PT406,0
2021,PT407,120
2021,PT407,157
2022,KH021,7
2022,KT025,0
2022,KV021,0
2022,LA023,34
2022,LA024,0
2022,LA025,16
2022,LB023,5
2022,LB023,17
2022,LB023,0
2022,LB024,0
2022,LB025,36
2022,LB026,0
2022,LD023,0
2022,LD028,34
2022,LG028,3
2022,LG029,9
2022,LG030,86
2022,LG031,53
2022,LH028,0
2022,LH028,35
2022,LN025,3
2022,LN027,75
2022,LN027,11
2022,LN028,65
2022,LN028,2
2022,LP024,1
2022,LP027,65
2022,LP027,67
2022,LP028,71
2022,LP028,2
2022,LT025,0
2022,LT026,16
2022,LT026,94
2022,LT026,4
2022,LT026,76
2022,LT027,119
2022,LT027,31
2022,LT027,51
2022,LT028,119
2022,LT028,22
2022,LT028,65
2022,LT028,21
2022,LT029,112
2022,LT029,13
2022,LT030,0
2022,LV024,10
2022,LV024,0
2022,LV024,81
2022,LV025,0
2022,LV025,74
2022,LV025,60
2022,LV025,0
2022,LV025,92
2022,LV026,79
2022,LV026,66
2022,LV026,45
2022,LV026,24
2022,LV027,129
2022,LV027,90
2022,LV027,19
2022,LV027,0
2022,LV027,0
2022,LV028,99
2022,LV028,16
2022,LV028,0
2022,LV028,0
2022,LV028,0
2022,LV029,0
2022,LX022,0
2022,LX023,79
2022,LX023,40
2022,LX024,9
2022,LX024,8
2022,LX024,103
2022,LX024,82
2022,LX024,73
2022,LX024,35
2022,LX024,23
2022,LX024,94
2022,LX025,0
2022,LX025,48
2022,LX025,5
2022,LX025,0
2022,LX025,62
2022,LX026,3
2022,LX026,14
2022,LX026,14
2022,LX026,89
2022,LX026,117
2022,LX026,115
2022,LX027,106
2022,LX027,0
2022,LX027,0
2022,LX027,110
2022,LX027,87
2022,LX028,95
2022,LX028,95
2022,LX028,34
2022,LX028,0
2022,LX028,0
2022,LX028,3
2022,LX029,58
2022,LX029,2
2022,LZ022,2
2022,LZ023,12
2022,LZ024,0
2022,LZ025,94
2022,LZ025,19
2022,LZ026,0
2022,LZ026,135
2022,LZ026,6
2022,LZ026,27
2022,LZ027,115
2022,LZ027,2
2022,LZ027,79
2022,LZ028,108
2022,LZ029,85
2022,MA022,0
2022,MA024,105
2022,MA024,0
2022,MA025,16
2022,MA025,72
2022,MA025,125
2022,MA025,11
2022,MA026,10
2022,MA026,117
2022,MA026,91
2022,MA026,50
2022,MA027,115
2022,MA027,0
2022,MA028,46
2022,MA028,15
2022,MA029,0
2022,MB017,0
2022,MB017,0
2022,MB023,9
2022,MB024,53
2022,MB024,163
2022,MB024,61
2022,MB025,21
2022,MB025,144
2022,MB025,109
2022,MB026,129
2022,MB026,65
2022,MB027,115
2022,MB028,0
2022,MB028,22
2022,MD023,0
2022,ML010,48
2022,ML011,28
2022,MM010,82
2022,MM011,120
2022,MM012,32
2022,MN011,1
2022,MN012,31
2022,MN013,0
2022,MN013,42
2022,MT007,0
2022,MT008,43
2022,MT010,72
2022,MV010,2
2022,MV010,0
2022,MV011,76
2022,MV012,71
2022,MV013,6
2022,MX008,46
2022,MX009,151
2022,MX009,94
2022,MX010,61
2022,MZ006,0
2022,MZ007,25
2022,MZ008,128
2022,MZ008,111
2022,MZ008,94
2022,MZ009,111
2022,MZ009,20
2022,MZ009,137
2022,MZ009,46
2022,MZ010,106
2022,MZ010,55
2022,MZ011,86
2022,MZ011,39
2022,NA005,0
2022,NA007,54
2022,NA008,0
2022,NA008,106
2022,NA009,95
2022,NA009,0
2022,NA010,0
2022,NA011,0
2022,NB007,21
2022,NB007,98
2022,NB008,110
2022,NB009,71
2022,ND007,0
2022,ND007,103
2022,ND007,73
2022,ND007,1
2022,ND008,96
2022,ND008,100
2022,ND009,78
2022,ND009,62
2022,ND009,100
2022,ND010,0
2022,ND010,29
2022,NG001,0
2022,NG005,2
2022,NG006,107
2022,NG006,37
2022,NG007,5
2022,NG007,53
2022,NG007,21
2022,NH004,50
2022,NH004,100
2022,NH005,87
2022,NH006,26
2022,NH006,50
2022,NH007,0
2022,NM001,37
2022,NM003,19
2022,NM003,154
2022,NM004,126
2022,NM005,119
2022,NM006,0
2022,NM006,136
2022,NM007,88
2022,NM008,18
2022,NN001,70
2022,NN001,33
2022,NN001,133
2022,NN002,121
2022,NN003,2
2022,NN003,154
2022,NN004,27
2022,NN004,151
2022,NN005,146
2022,NN006,0
2022,NN006,154
2022,NN007,21
2022,NN007,8
2022,NP001,112
2022,NP002,64
2022,NP003,97
2022,NP004,130
2022,NP005,4
2022,PR396,16
2022,PR396,24
2022,PR396,0
2022,PR396,24
2022,PR397,84
2022,PR397,0
2022,PR397,7
2022,PR405,0
2022,PR406,0
2022,PR406,0
2022,PR406,0
2022,PS395,70
2022,PS395,197
2022,PS395,0
2022,PS396,125
2022,PS397,0
2022,PS400,0
2022,PS402,0
2022,PS405,0
2022,PS405,96
2022,PS406,0
2022,PT397,4
2022,PT398,29
2022,PT400,75
2022,PT404,38
2022,PT404,32
2022,PT404,93
2022,PT405,0
2022,PT405,0
2022,PT405,158
2022,PT406,120
2022,PT406,21
2022,PT406,124
