season,sellers_locality,landing_date,first_or_last,catch_day,amount_in_kg,field_code,latitude,longitude
2012,Ikamiut,2013-03-11,first,222,153.0,LB025,68.6875,-51.875
2012,Ikamiut,2013-04-03,last,245,247.0,LB025,68.6875,-51.875
2012,"Ikerasaarsuk, Upernavik",2013-02-25,first,208,5.0,ND008,73.5625,-56.125
2012,"Ikerasaarsuk, Upernavik",2013-04-22,last,264,231.0,ND007,73.5625,-56.375
2012,Ikerasak,2013-01-07,first,159,7.5,LT027,70.4375,-51.375
2012,Ikerasak,2013-01-07,first,159,445.0,LV027,70.5625,-51.375
2012,Ikerasak,2013-05-30,last,302,144.5,LV027,70.5625,-51.375
2012,Ilimanaq,2013-02-28,first,211,215.0,LF028,69.0625,-51.125
2012,Ilimanaq,2013-03-06,last,217,445.0,LF028,69.0625,-51.125
2012,Illorsuit,2013-02-11,first,194,4.0,MD019,71.1875,-53.375
2012,Illorsuit,2013-05-25,last,297,339.0,MD019,71.1875,-53.375
2012,Ilulissat,2012-11-30,first,121,146.0,LG030,69.1875,-50.625
2012,Ilulissat,2013-05-14,last,286,17.0,LG028,69.1875,-51.125
2012,Ilulissat,2013-05-14,last,286,14.0,LG031,69.1875,-50.375
2012,Innaarsuit,2012-10-15,first,75,185.0,MZ008,73.1875,-56.125
2012,Innaarsuit,2013-07-02,last,335,723.0,MN013,72.3125,-54.875
2012,Kangersuatsiaq,2013-07-03,last,336,1854.0,MN013,72.3125,-54.875
2012,Kangersuatsiaq,2013-01-28,first,180,145.0,MX009,73.0625,-55.875
2012,Kullorsuaq,2013-01-22,first,174,60.0,NM004,74.5625,-57.125
2012,Kullorsuaq,2013-01-22,first,174,324.0,NN006,74.6875,-56.625
2012,Kullorsuaq,2013-06-11,last,314,595.0,NM003,74.5625,-57.375
2012,Naajaat,2013-01-21,first,173,138.0,MZ008,73.1875,-56.125
2012,Naajaat,2013-06-03,last,306,708.0,MX009,73.0625,-55.875
2012,Niaqornat,2013-01-17,first,169,215.5,MA027,70.9375,-51.375
2012,Niaqornat,2013-05-05,last,277,886.0,LV028,70.5625,-51.125
2012,Nutaarmiut,2013-01-28,first,180,2.0,ND007,73.5625,-56.375
2012,Nutaarmiut,2013-06-03,last,306,8.0,ND007,73.5625,-56.375
2012,Nuugaatsiaq,2013-01-11,first,163,345.0,LZ026,70.8125,-51.625
2012,Nuugaatsiaq,2013-06-10,last,313,123.5,MG021,71.5625,-52.875
2012,Qaarsut,2013-02-13,first,196,186.0,LZ026,70.8125,-51.625
2012,Qaarsut,2013-04-29,last,271,159.0,LX024,70.6875,-52.125
2012,Qasigiannguit,2013-01-21,first,173,37.7,LE026,68.9375,-51.625
2012,Qasigiannguit,2013-04-18,last,260,85.0,LD028,68.8125,-51.125
2012,Qeqertaq,2013-01-15,first,167,31.0,LP028,70.0625,-51.125
2012,Qeqertaq,2013-06-20,last,323,779.0,LH028,69.3125,-51.125
2012,Qeqertarsuaq,2013-02-26,first,209,132.0,LG019,69.1875,-53.375
2012,Qeqertarsuaq,2013-03-14,last,225,110.0,LG018,69.1875,-53.625
2012,Saattut,2013-01-04,first,156,457.5,LZ026,70.8125,-51.625
2012,Saattut,2013-05-28,last,300,174.0,LZ026,70.8125,-51.625
2012,Saqqaq,2013-03-21,last,232,54.0,LZ026,70.8125,-51.625
2012,Saqqaq,2013-02-14,first,197,104.0,LN028,69.9375,-51.125
2012,Sermiligaaq,2013-04-19,first,261,117.5,600B3,65.75,-36.5
2012,Sermiligaaq,2013-04-19,last,261,117.5,600B3,65.75,-36.5
2012,Ukkusissat,2012-10-15,first,75,211.5,MZ008,73.1875,-56.125
2012,Ukkusissat,2013-06-04,last,307,758.5,MB027,71.0625,-51.375
2012,Upernavik,2013-06-06,last,309,403.0,NN006,74.6875,-56.625
2012,Upernavik,2013-01-14,first,166,187.0,NA008,73.3125,-56.125
2012,Upernavik Kujalleq,2013-07-03,last,336,2096.0,MN013,72.3125,-54.875
2012,Upernavik Kujalleq,2013-01-14,first,166,180.0,MM011,72.1875,-55.375
2012,Uummannaq,2013-01-18,first,170,218.0,MA027,70.9375,-51.375
2012,Uummannaq,2013-05-01,last,273,334.5,LX024,70.6875,-52.125
2013,Akunnaaq,2014-03-11,first,222,385.5,LB023,68.6875,-52.375
2013,Akunnaaq,2014-04-11,last,253,188.0,LB023,68.6875,-52.375
2013,Akunnaaq,2014-03-11,first,222,164.0,LD023,68.8125,-52.375
2013,Ikamiut,2014-03-13,first,224,127.0,LB023,68.6875,-52.375
2013,Ikamiut,2014-04-09,last,251,262.0,LB023,68.6875,-52.375
2013,"Ikerasaarsuk, Upernavik",2014-03-18,first,229,262.0,ND007,73.5625,-56.375
2013,"Ikerasaarsuk, Upernavik",2014-05-12,last,284,8.0,ND007,73.5625,-56.375
2013,Ikerasak,2014-05-08,last,280,1144.0,LT027,70.4375,-51.375
2013,Ikerasak,2013-12-30,first,151,182.5,LV027,70.5625,-51.375
2013,Ikerasak,2014-05-08,last,280,727.0,LV027,70.5625,-51.375
2013,Ikerasak,2014-05-08,last,280,229.5,LT026,70.4375,-51.625
2013,Illorsuit,2014-02-17,first,200,150.5,LV027,70.5625,-51.375
2013,Illorsuit,2014-04-07,last,249,388.0,LZ027,70.8125,-51.375
2013,Ilulissat,2013-11-01,first,92,117.1,LG030,69.1875,-50.625
2013,Ilulissat,2014-05-15,last,287,220.0,LG030,69.1875,-50.625
2013,Innaarsuit,2013-12-16,first,137,2177.0,MZ008,73.1875,-56.125
2013,Innaarsuit,2014-05-13,last,285,12.0,MZ009,73.1875,-55.875
2013,Itilleq,2014-03-05,first,216,52.0,KE019,66.5625,-53.375
2013,Itilleq,2014-03-11,last,222,100.5,KE019,66.5625,-53.375
2013,Kangersuatsiaq,2014-03-10,first,221,131.0,MZ008,73.1875,-56.125
2013,Kangersuatsiaq,2014-05-08,last,280,425.0,MZ008,73.1875,-56.125
2013,Kullorsuaq,2014-05-19,last,291,321.0,ND007,73.5625,-56.375
2013,Kullorsuaq,2013-12-11,first,132,137.0,NN005,74.6875,-56.875
2013,Kulusuk,2013-12-23,first,144,232.0,NN006,74.6875,-56.625
2013,Kulusuk,2013-12-23,last,144,232.0,NN006,74.6875,-56.625
2013,Naajaat,2013-12-17,first,138,479.0,MX009,73.0625,-55.875
2013,Naajaat,2014-05-19,last,291,381.0,MZ009,73.1875,-55.875
2013,Niaqornat,2014-04-24,last,266,65.0,LZ026,70.8125,-51.625
2013,Niaqornat,2014-02-06,first,189,115.0,MA026,70.9375,-51.625
2013,Nutaarmiut,2014-01-03,first,155,142.0,ND007,73.5625,-56.375
2013,Nutaarmiut,2014-05-19,last,291,1266.0,ND007,73.5625,-56.375
2013,Nuugaatsiaq,2014-01-27,first,179,225.0,MB026,71.0625,-51.625
2013,Nuugaatsiaq,2014-06-12,last,315,370.0,MF019,71.4375,-53.375
2013,Nuuk,2014-05-08,last,280,166.0,MZ008,73.1875,-56.125
2013,Nuuk,2014-03-13,first,224,358.0,MZ010,73.1875,-55.625
2013,Qaanaaq,2013-12-20,first,141,114.4,PS396,77.4375,-69.125
2013,Qaanaaq,2014-06-20,last,323,345.0,PS396,77.4375,-69.125
2013,Qaarsut,2014-02-26,first,209,99.0,LX024,70.6875,-52.125
2013,Qaarsut,2014-05-08,last,280,484.5,LX024,70.6875,-52.125
2013,Qaarsut,2014-05-08,last,280,154.0,LZ022,70.8125,-52.625
2013,Qasigiannguit,2014-04-16,last,258,102.0,LD028,68.8125,-51.125
2013,Qasigiannguit,2014-02-27,first,210,42.0,LP028,70.0625,-51.125
2013,Qeqertaq,2014-02-14,first,197,257.0,LP028,70.0625,-51.125
2013,Qeqertaq,2014-04-27,last,269,89.0,LP028,70.0625,-51.125
2013,Qeqertarsuaq,2014-03-12,first,223,160.0,LG018,69.1875,-53.625
2013,Qeqertarsuaq,2014-05-05,last,277,43.0,LF019,69.0625,-53.375
2013,Qeqertat,2014-02-17,first,200,279.0,PT404,77.5625,-67.125
2013,Qeqertat,2014-06-26,last,329,58.0,PT406,77.5625,-66.625
2013,Saattut,2014-01-06,first,158,370.0,LZ026,70.8125,-51.625
2013,Saattut,2014-05-08,last,280,446.0,LZ026,70.8125,-51.625
2013,Saattut,2014-05-08,last,280,55.5,MA026,70.9375,-51.625
2013,Saattut,2014-05-08,last,280,122.5,LZ025,70.8125,-51.875
2013,Saqqaq,2014-02-25,first,208,62.0,LN026,69.9375,-51.625
2013,Saqqaq,2014-03-31,last,242,55.0,LP025,70.0625,-51.875
2013,Saqqaq,2014-03-31,last,242,259.0,LP026,70.0625,-51.625
2013,Sermiligaaq,2014-04-15,first,257,73.0,600B3,65.75,-36.5
2013,Sermiligaaq,2014-04-15,last,257,73.0,600B3,65.75,-36.5
2013,Siorapaluk,2014-01-23,first,175,91.0,PS396,77.4375,-69.125
2013,Siorapaluk,2014-06-30,last,333,71.0,PS395,77.4375,-69.375
2013,Ukkusissat,2014-01-06,first,158,599.0,MB025,71.0625,-51.875
2013,Ukkusissat,2014-05-07,last,279,240.5,MA024,70.9375,-52.125
2013,Upernavik,2014-05-19,last,291,11.0,ND008,73.5625,-56.125
2013,Upernavik,2013-12-18,first,139,162.0,NA008,73.3125,-56.125
2013,Upernavik Kujalleq,2014-05-22,last,294,279.0,MN013,72.3125,-54.875
2013,Upernavik Kujalleq,2014-02-10,first,193,90.0,MM011,72.1875,-55.375
2013,Uummannaq,2014-01-07,first,159,123.5,LZ026,70.8125,-51.625
2013,Uummannaq,2014-05-14,last,286,164.0,MF020,71.4375,-53.125
2014,Aasiaat,2015-03-09,first,220,171.0,LD022,68.8125,-52.625
2014,Aasiaat,2015-03-15,last,226,240.0,LD022,68.8125,-52.625
2014,Akunnaaq,2015-02-17,first,200,180.0,LD023,68.8125,-52.375
2014,Akunnaaq,2015-04-19,last,261,140.0,LD023,68.8125,-52.375
2014,Attu,2015-02-27,first,210,124.5,KS018,67.9375,-53.625
2014,Attu,2015-03-03,last,214,285.0,KS018,67.9375,-53.625
2014,Iginniarfik,2015-02-09,first,192,384.0,KT020,68.0625,-53.125
2014,Iginniarfik,2015-02-28,last,211,151.0,KT020,68.0625,-53.125
2014,Ikamiut,2015-03-02,first,213,1850.0,LB025,68.6875,-51.875
2014,Ikamiut,2015-05-13,last,285,70.5,LB025,68.6875,-51.875
2014,"Ikerasaarsuk, Kangaatsiaq",2015-01-30,first,182,180.0,KT020,68.0625,-53.125
2014,"Ikerasaarsuk, Kangaatsiaq",2015-03-01,last,212,81.0,KV019,68.1875,-53.375
2014,"Ikerasaarsuk, Upernavik",2015-01-28,first,180,196.0,ND007,73.5625,-56.375
2014,"Ikerasaarsuk, Upernavik",2015-05-29,last,301,284.5,ND007,73.5625,-56.375
2014,Ikerasak,2015-01-28,first,180,93.0,LV027,70.5625,-51.375
2014,Ikerasak,2015-05-09,last,281,387.0,LX024,70.6875,-52.125
2014,Ilimanaq,2015-02-18,first,201,205.0,LF028,69.0625,-51.125
2014,Ilimanaq,2015-04-20,last,262,265.0,LF028,69.0625,-51.125
2014,Illorsuit,2015-06-05,last,308,1699.0,MD019,71.1875,-53.375
2014,Illorsuit,2015-01-16,first,168,459.0,MG021,71.5625,-52.875
2014,Illorsuit,2015-06-05,last,308,1056.0,MG022,71.5625,-52.625
2014,Ilulissat,2014-11-02,first,93,69.0,LG030,69.1875,-50.625
2014,Ilulissat,2015-05-31,last,303,59.0,LG030,69.1875,-50.625
2014,Innaarsuit,2015-05-22,last,294,67.0,MZ008,73.1875,-56.125
2014,Innaarsuit,2014-09-25,first,55,505.0,MZ010,73.1875,-55.625
2014,Itilleq,2015-03-04,first,215,278.0,KE019,66.5625,-53.375
2014,Itilleq,2015-03-05,last,216,239.0,KE019,66.5625,-53.375
2014,Kangaatsiaq,2015-01-29,first,181,73.0,KV019,68.1875,-53.375
2014,Kangaatsiaq,2015-03-26,last,237,96.0,KX020,68.3125,-53.125
2014,Kangersuatsiaq,2015-05-28,last,300,245.5,ND007,73.5625,-56.375
2014,Kangersuatsiaq,2014-09-07,first,37,265.0,MT015,72.8125,-54.375
2014,Kullorsuaq,2015-06-08,last,311,1371.0,NN006,74.6875,-56.625
2014,Kullorsuaq,2014-12-22,first,143,219.0,NM003,74.5625,-57.375
2014,Kullorsuaq,2015-06-08,last,311,731.5,NM003,74.5625,-57.375
2014,Kullorsuaq,2015-06-08,last,311,445.0,NN005,74.6875,-56.875
2014,Kullorsuaq,2015-06-08,last,311,825.0,NN004,74.6875,-57.125
2014,Naajaat,2015-01-07,first,159,104.0,MZ009,73.1875,-55.875
2014,Naajaat,2015-05-22,last,294,312.0,MZ009,73.1875,-55.875
2014,Niaqornat,2015-03-02,first,213,96.5,LV026,70.5625,-51.625
2014,Niaqornat,2015-05-04,last,276,458.5,LZ023,70.8125,-52.375
2014,Nutaarmiut,2015-01-12,first,164,262.0,ND007,73.5625,-56.375
2014,Nutaarmiut,2015-05-29,last,301,466.5,ND007,73.5625,-56.375
2014,Nuugaatsiaq,2015-01-15,first,167,358.0,MG021,71.5625,-52.875
2014,Nuugaatsiaq,2015-06-05,last,308,356.5,MG021,71.5625,-52.875
2014,Nuugaatsiaq,2015-06-05,last,308,133.5,MF019,71.4375,-53.375
2014,Nuugaatsiaq,2015-01-15,first,167,88.0,MF020,71.4375,-53.125
2014,Nuugaatsiaq,2015-06-05,last,308,961.5,MG020,71.5625,-53.125
2014,Nuuk,2015-03-27,first,238,260.0,LG030,69.1875,-50.625
2014,Nuuk,2015-03-31,last,242,258.0,LG030,69.1875,-50.625
2014,Qaanaaq,2015-05-21,last,293,190.0,PS396,77.4375,-69.125
2014,Qaanaaq,2014-12-08,first,129,207.0,PS395,77.4375,-69.375
2014,Qaanaaq,2015-05-21,last,293,1252.0,PS395,77.4375,-69.375
2014,Qaanaaq,2015-05-21,last,293,951.0,PR396,77.3125,-69.125
2014,Qaanaaq,2015-05-21,last,293,141.0,PR397,77.3125,-68.875
2014,Qaanaaq,2015-05-21,last,293,381.0,PT405,77.5625,-66.875
2014,Qaarsut,2015-02-15,first,198,227.5,LT026,70.4375,-51.625
2014,Qaarsut,2015-02-15,first,198,152.5,LV025,70.5625,-51.875
2014,Qaarsut,2015-05-12,last,284,409.0,LX021,70.6875,-52.875
2014,Qaarsut,2015-05-12,last,284,491.0,LX023,70.6875,-52.375
2014,Qaarsut,2015-05-12,last,284,559.0,LZ021,70.8125,-52.875
2014,Qasigiannguit,2015-04-23,last,265,76.0,LD028,68.8125,-51.125
2014,Qasigiannguit,2015-02-12,first,195,37.0,LB028,68.6875,-51.125
2014,Qeqertaq,2015-01-14,first,166,78.0,LP028,70.0625,-51.125
2014,Qeqertaq,2015-05-10,last,282,410.0,LX023,70.6875,-52.375
2014,Qeqertarsuaq,2015-02-09,first,192,41.0,LG018,69.1875,-53.625
2014,Qeqertarsuaq,2015-04-29,last,271,36.0,LH019,69.3125,-53.375
2014,Qeqertat,2015-01-12,first,164,31.0,PS395,77.4375,-69.375
2014,Qeqertat,2015-05-21,last,293,440.0,PT405,77.5625,-66.875
2014,Saattut,2015-01-19,first,171,350.5,LZ026,70.8125,-51.625
2014,Saattut,2015-05-26,last,298,479.0,MG021,71.5625,-52.875
2014,Saqqaq,2015-02-02,first,185,78.0,LN026,69.9375,-51.625
2014,Saqqaq,2015-02-02,first,185,19.0,LP025,70.0625,-51.875
2014,Saqqaq,2015-02-02,first,185,127.0,LN027,69.9375,-51.375
2014,Saqqaq,2015-04-01,last,243,43.519999999999996,LN025,69.9375,-51.875
2014,Sarfannguit,2015-01-21,first,173,157.0,KH021,66.9375,-52.875
2014,Sarfannguit,2015-03-31,last,242,44.0,KH021,66.9375,-52.875
2014,Savissivik,2015-05-06,first,278,204.0,PT405,77.5625,-66.875
2014,Savissivik,2015-05-06,last,278,204.0,PT405,77.5625,-66.875
2014,Siorapaluk,2015-02-05,first,188,382.0,PS396,77.4375,-69.125
2014,Siorapaluk,2015-05-21,last,293,176.0,PS395,77.4375,-69.375
2014,Sisimiut,2015-03-03,first,214,137.0,KH021,66.9375,-52.875
2014,Sisimiut,2015-03-16,last,227,51.0,KH021,66.9375,-52.875
2014,Ukkusissat,2015-01-11,first,163,869.5,MB027,71.0625,-51.375
2014,Ukkusissat,2015-01-11,first,163,926.5,MB026,71.0625,-51.625
2014,Ukkusissat,2015-07-15,last,348,300.0,MB026,71.0625,-51.625
2014,Upernavik,2015-05-29,last,301,54.5,ND007,73.5625,-56.375
2014,Upernavik,2015-01-05,first,157,274.0,NA008,73.3125,-56.125
2014,Upernavik Kujalleq,2015-05-26,last,298,149.5,ND007,73.5625,-56.375
2014,Upernavik Kujalleq,2015-01-22,first,174,67.5,MM010,72.1875,-55.625
2014,Uummannaq,2015-01-30,first,182,292.0,LZ026,70.8125,-51.625
2014,Uummannaq,2015-01-30,first,182,566.0,LX024,70.6875,-52.125
2014,Uummannaq,2015-06-05,last,308,706.0,MG022,71.5625,-52.625
2015,"Ikerasaarsuk, Upernavik",2016-01-18,first,170,198.0,ND007,73.5625,-56.375
2015,"Ikerasaarsuk, Upernavik",2016-05-06,last,279,147.0,ND007,73.5625,-56.375
2015,Ikerasak,2015-12-21,first,142,175.0,LV027,70.5625,-51.375
2015,Ikerasak,2016-07-16,last,350,600.0,LT029,70.4375,-50.875
2015,Illorsuit,2016-03-08,last,220,149.5,LX024,70.6875,-52.125
2015,Illorsuit,2015-12-30,first,151,168.0,MD024,71.1875,-52.125
2015,Ilulissat,2015-11-13,first,104,212.0,LG030,69.1875,-50.625
2015,Ilulissat,2016-04-22,last,265,38.0,LG030,69.1875,-50.625
2015,Innaarsuit,2015-12-14,first,135,109.5,MZ008,73.1875,-56.125
2015,Innaarsuit,2016-05-05,last,278,208.0,MZ009,73.1875,-55.875
2015,Kangersuatsiaq,2016-05-02,last,275,369.5,NN006,74.6875,-56.625
2015,Kangersuatsiaq,2016-02-22,first,205,87.0,MM012,72.1875,-55.125
2015,Kullorsuaq,2015-12-14,first,135,288.0,NN005,74.6875,-56.875
2015,Kullorsuaq,2016-05-23,last,296,244.5,NN004,74.6875,-57.125
2015,Naajaat,2016-05-15,last,288,130.0,MZ009,73.1875,-55.875
2015,Naajaat,2015-12-21,first,142,404.0,NN007,74.6875,-56.375
2015,Niaqornat,2016-01-12,first,164,307.5,LV025,70.5625,-51.875
2015,Niaqornat,2016-04-14,last,257,35.5,LV029,70.5625,-50.875
2015,Nutaarmiut,2015-12-21,first,142,283.0,ND008,73.5625,-56.125
2015,Nutaarmiut,2015-12-21,first,142,587.0,ND007,73.5625,-56.375
2015,Nutaarmiut,2016-05-24,last,297,110.0,ND006,73.5625,-56.625
2015,Nuugaatsiaq,2015-12-14,first,135,327.0,LZ026,70.8125,-51.625
2015,Nuugaatsiaq,2016-04-29,last,272,77.0,MG020,71.5625,-53.125
2015,Nuuk,2016-03-01,first,213,287.5,MZ008,73.1875,-56.125
2015,Nuuk,2016-03-25,last,237,92.0,MZ009,73.1875,-55.875
2015,Oqaatsut,2015-12-13,first,134,105.0,LG030,69.1875,-50.625
2015,Oqaatsut,2016-02-18,last,201,156.0,LG030,69.1875,-50.625
2015,Qaanaaq,2015-12-14,first,135,1105.5,PS395,77.4375,-69.375
2015,Qaanaaq,2016-06-23,last,327,86.0,PS398,77.4375,-68.625
2015,Qaarsut,2016-01-04,first,156,118.0,LX024,70.6875,-52.125
2015,Qaarsut,2016-04-12,last,255,174.5,LV025,70.5625,-51.875
2015,Qeqertaq,2016-02-05,first,188,120.0,LP028,70.0625,-51.125
2015,Qeqertaq,2016-06-19,last,323,391.0,LN027,69.9375,-51.375
2015,Qeqertarsuaq,2016-02-15,first,198,88.0,LH019,69.3125,-53.375
2015,Qeqertarsuaq,2016-02-23,last,206,394.0,LH019,69.3125,-53.375
2015,Qeqertarsuaq,2016-02-15,first,198,87.0,LJ019,69.4375,-53.375
2015,Qeqertat,2015-12-14,first,135,125.0,PS395,77.4375,-69.375
2015,Qeqertat,2016-05-24,last,297,388.0,PS405,77.4375,-66.875
2015,Saattut,2015-12-14,first,135,3441.5,LZ026,70.8125,-51.625
2015,Saattut,2016-05-04,last,277,257.5,LZ026,70.8125,-51.625
2015,Saattut,2015-12-14,first,135,572.5,MA026,70.9375,-51.625
2015,Saqqaq,2016-02-28,last,211,490.0,LV027,70.5625,-51.375
2015,Saqqaq,2016-02-08,first,191,67.0,LN025,69.9375,-51.875
2015,Savissivik,2016-03-21,first,233,62.0,PR396,77.3125,-69.125
2015,Savissivik,2016-03-21,last,233,62.0,PR396,77.3125,-69.125
2015,Siorapaluk,2016-05-06,last,279,487.0,PT405,77.5625,-66.875
2015,Siorapaluk,2016-02-10,first,193,238.0,PS405,77.4375,-66.875
2015,Ukkusissat,2016-05-02,last,275,154.5,LZ026,70.8125,-51.625
2015,Ukkusissat,2015-12-17,first,138,84.5,MB025,71.0625,-51.875
2015,Ukkusissat,2016-05-02,last,275,67.0,MB025,71.0625,-51.875
2015,Ukkusissat,2016-05-02,last,275,210.0,MA028,70.9375,-51.125
2015,Upernavik,2016-05-24,last,297,337.0,ND008,73.5625,-56.125
2015,Upernavik,2015-12-14,first,135,19.5,NA008,73.3125,-56.125
2015,Upernavik Kujalleq,2015-12-18,first,139,360.5,MZ009,73.1875,-55.875
2015,Upernavik Kujalleq,2016-04-27,last,270,130.0,MZ009,73.1875,-55.875
2015,Uummannaq,2016-01-04,first,156,183.5,LV027,70.5625,-51.375
2015,Uummannaq,2016-01-04,first,156,1256.0,LX024,70.6875,-52.125
2015,Uummannaq,2016-06-03,last,307,435.0,LX024,70.6875,-52.125
2015,Uummannaq,2016-01-04,first,156,284.0,LX026,70.6875,-51.625
2015,Uummannaq,2016-01-04,first,156,133.0,LX027,70.6875,-51.375
2016,Aasiaat,2017-03-27,first,238,289.0,LX024,70.6875,-52.125
2016,Aasiaat,2017-04-23,last,265,95.0,LX024,70.6875,-52.125
2016,Akunnaaq,2017-02-24,first,207,20.0,LB023,68.6875,-52.375
2016,Akunnaaq,2017-04-27,last,269,51.0,LB023,68.6875,-52.375
2016,Ikamiut,2017-02-27,first,210,87.5,LB025,68.6875,-51.875
2016,Ikamiut,2017-05-08,last,280,61.0,LB025,68.6875,-51.875
2016,"Ikerasaarsuk, Upernavik",2016-12-19,first,140,153.5,ND008,73.5625,-56.125
2016,"Ikerasaarsuk, Upernavik",2017-02-06,last,189,166.5,ND008,73.5625,-56.125
2016,Ikerasak,2017-05-22,last,294,338.5,LT027,70.4375,-51.375
2016,Ikerasak,2016-08-05,first,4,304.0,LT029,70.4375,-50.875
2016,Ilimanaq,2017-02-10,first,193,841.0,LF028,69.0625,-51.125
2016,Ilimanaq,2017-04-07,last,249,256.0,LF028,69.0625,-51.125
2016,Illorsuit,2016-08-09,first,8,507.0,MD019,71.1875,-53.375
2016,Illorsuit,2017-05-22,last,294,354.0,MD019,71.1875,-53.375
2016,Ilulissat,2017-05-17,last,289,53.0,LZ026,70.8125,-51.625
2016,Ilulissat,2016-10-26,first,86,118.0,LG029,69.1875,-50.875
2016,Innaarsuit,2016-12-07,first,128,42.5,MZ008,73.1875,-56.125
2016,Innaarsuit,2017-05-19,last,291,61.0,MZ008,73.1875,-56.125
2016,Kangerluk,2017-04-12,last,254,132.0,LG018,69.1875,-53.625
2016,Kangerluk,2017-03-10,first,221,374.0,LJ017,69.4375,-53.875
2016,Kangersuatsiaq,2017-01-23,first,175,107.0,MM011,72.1875,-55.375
2016,Kangersuatsiaq,2017-07-19,last,352,84.0,MT009,72.8125,-55.875
2016,Kullorsuaq,2016-12-05,first,126,1202.0,NN006,74.6875,-56.625
2016,Kullorsuaq,2017-05-11,last,283,327.5,NN006,74.6875,-56.625
2016,Kullorsuaq,2017-05-11,last,283,1331.0,NM003,74.5625,-57.375
2016,Kullorsuaq,2017-05-11,last,283,930.0,NN005,74.6875,-56.875
2016,Kullorsuaq,2016-12-05,first,126,940.5,NN004,74.6875,-57.125
2016,Kullorsuaq,2017-05-11,last,283,2664.5,NN004,74.6875,-57.125
2016,Kullorsuaq,2016-12-05,first,126,217.0,NN007,74.6875,-56.375
2016,Kullorsuaq,2016-12-05,first,126,107.5,NN003,74.6875,-57.375
2016,Kullorsuaq,2017-05-11,last,283,1590.5,NN003,74.6875,-57.375
2016,Naajaat,2017-04-24,last,266,250.0,MZ008,73.1875,-56.125
2016,Naajaat,2017-04-24,last,266,567.0,MX009,73.0625,-55.875
2016,Naajaat,2016-12-09,first,130,112.5,MZ009,73.1875,-55.875
2016,Naajaat,2017-04-24,last,266,1445.5,MZ009,73.1875,-55.875
2016,Naajaat,2016-12-09,first,130,161.0,NN005,74.6875,-56.875
2016,Naajaat,2017-04-24,last,266,670.0,MZ010,73.1875,-55.625
2016,Naajaat,2017-04-24,last,266,379.0,MZ011,73.1875,-55.375
2016,Niaqornat,2017-01-18,first,170,128.0,LX024,70.6875,-52.125
2016,Niaqornat,2017-05-09,last,281,156.0,LX024,70.6875,-52.125
2016,Nutaarmiut,2017-05-17,last,289,257.0,ND008,73.5625,-56.125
2016,Nutaarmiut,2016-12-12,first,133,629.0,ND007,73.5625,-56.375
2016,Nuugaatsiaq,2017-01-09,first,161,303.5,MG021,71.5625,-52.875
2016,Nuugaatsiaq,2017-01-09,first,161,152.0,MF021,71.4375,-52.875
2016,Nuugaatsiaq,2017-05-18,last,290,248.0,MG019,71.5625,-53.375
2016,Oqaatsut,2016-12-06,first,127,118.0,LG030,69.1875,-50.625
2016,Oqaatsut,2017-02-13,last,196,183.0,LG030,69.1875,-50.625
2016,Qaanaaq,2016-12-01,first,122,117.0,PS396,77.4375,-69.125
2016,Qaanaaq,2017-06-27,last,330,348.0,PS396,77.4375,-69.125
2016,Qaanaaq,2017-06-27,last,330,949.0,PS395,77.4375,-69.375
2016,Qaarsut,2017-01-11,first,163,620.0,LZ026,70.8125,-51.625
2016,Qaarsut,2017-05-18,last,290,97.0,LX024,70.6875,-52.125
2016,Qasigiannguit,2017-02-15,first,198,82.0,LD028,68.8125,-51.125
2016,Qasigiannguit,2017-05-08,last,280,281.0,LD028,68.8125,-51.125
2016,Qeqertaq,2017-05-17,last,289,87.0,LT027,70.4375,-51.375
2016,Qeqertaq,2017-01-27,first,179,108.0,LX024,70.6875,-52.125
2016,Qeqertarsuaq,2017-02-17,first,200,23.0,LH019,69.3125,-53.375
2016,Qeqertarsuaq,2017-06-01,last,304,116.0,LJ015,69.4375,-54.375
2016,Qeqertat,2017-02-08,first,191,160.5,PT405,77.5625,-66.875
2016,Qeqertat,2017-06-22,last,325,436.0,PT398,77.5625,-68.625
2016,Saattut,2016-12-19,first,140,333.0,ND007,73.5625,-56.375
2016,Saattut,2017-06-16,last,319,476.0,LZ026,70.8125,-51.625
2016,Saqqaq,2017-01-29,first,181,329.0,LN026,69.9375,-51.625
2016,Saqqaq,2017-04-09,last,251,90.0,LX026,70.6875,-51.625
2016,Saqqaq,2017-01-29,first,181,91.0,LN024,69.9375,-52.125
2016,Sarfannguit,2017-02-05,first,188,447.0,KH021,66.9375,-52.875
2016,Sarfannguit,2017-02-06,last,189,149.0,KH021,66.9375,-52.875
2016,Siorapaluk,2017-05-15,last,287,266.5,PT406,77.5625,-66.625
2016,Siorapaluk,2017-03-22,first,233,48.0,PS395,77.4375,-69.375
2016,Ukkusissat,2017-05-31,last,303,44.5,MB025,71.0625,-51.875
2016,Ukkusissat,2016-12-29,first,150,126.5,MB024,71.0625,-52.125
2016,Upernavik,2017-05-24,last,296,189.5,ND008,73.5625,-56.125
2016,Upernavik,2016-12-05,first,126,58.5,NA008,73.3125,-56.125
2016,Upernavik Kujalleq,2017-01-09,first,161,1540.5,MM011,72.1875,-55.375
2016,Upernavik Kujalleq,2017-03-09,last,220,396.0,MT008,72.8125,-56.125
2016,Uummannaq,2017-01-13,first,165,181.5,MA026,70.9375,-51.625
2016,Uummannaq,2017-05-21,last,293,182.0,LZ023,70.8125,-52.375
2016,Uummannaq,2017-05-21,last,293,105.5,LZ024,70.8125,-52.125
2017,Aasiaat,2018-04-25,first,267,33.0,LB025,68.6875,-51.875
2017,Aasiaat,2018-04-30,last,272,66.0,LB025,68.6875,-51.875
2017,Akunnaaq,2018-03-12,first,223,79.0,LB025,68.6875,-51.875
2017,Akunnaaq,2018-05-08,last,280,429.5,LB024,68.6875,-52.125
2017,Attu,2018-03-13,first,224,99.5,KS018,67.9375,-53.625
2017,Attu,2018-04-09,last,251,255.0,KS018,67.9375,-53.625
2017,Ikamiut,2018-04-26,last,268,270.0,LB025,68.6875,-51.875
2017,Ikamiut,2018-02-28,first,211,33.5,LA025,68.5625,-51.875
2017,Ikerasak,2017-08-17,first,16,214.0,LT027,70.4375,-51.375
2017,Ikerasak,2018-06-08,last,311,161.5,LV027,70.5625,-51.375
2017,Illorsuit,2018-02-18,last,201,143.0,LT029,70.4375,-50.875
2017,Illorsuit,2017-08-08,first,7,571.0,MD020,71.1875,-53.125
2017,Ilulissat,2017-08-19,first,18,106.0,LG028,69.1875,-51.125
2017,Ilulissat,2018-05-23,last,295,101.0,LG028,69.1875,-51.125
2017,Innaarsuit,2018-01-04,first,156,241.5,MZ008,73.1875,-56.125
2017,Innaarsuit,2018-05-11,last,283,1536.5,MZ008,73.1875,-56.125
2017,Innaarsuit,2018-05-11,last,283,595.5,MX009,73.0625,-55.875
2017,Innaarsuit,2018-05-11,last,283,504.0,NA008,73.3125,-56.125
2017,Innaarsuit,2018-05-11,last,283,1010.0,MZ009,73.1875,-55.875
2017,Innaarsuit,2018-05-11,last,283,472.0,MX010,73.0625,-55.625
2017,Itilleq,2018-03-09,first,220,67.5,KE019,66.5625,-53.375
2017,Itilleq,2018-03-16,last,227,98.5,KE019,66.5625,-53.375
2017,Kangaamiut,2017-08-17,first,16,26.0,JV019,65.8125,-53.375
2017,Kangaamiut,2017-08-17,last,16,26.0,JV019,65.8125,-53.375
2017,Kangersuatsiaq,2018-05-24,last,296,140.0,ND007,73.5625,-56.375
2017,Kangersuatsiaq,2018-01-18,first,170,133.5,MZ008,73.1875,-56.125
2017,Kullorsuaq,2018-05-13,last,285,3569.0,NM003,74.5625,-57.375
2017,Kullorsuaq,2018-05-13,last,285,1643.0,NN005,74.6875,-56.875
2017,Kullorsuaq,2017-12-28,first,149,221.0,NN004,74.6875,-57.125
2017,Kullorsuaq,2018-05-13,last,285,2336.0,NN004,74.6875,-57.125
2017,Kullorsuaq,2017-12-28,first,149,251.5,NN003,74.6875,-57.375
2017,Kullorsuaq,2018-05-13,last,285,1551.0,NN003,74.6875,-57.375
2017,Kullorsuaq,2018-05-13,last,285,323.0,NM005,74.5625,-56.875
2017,Naajaat,2018-05-29,last,301,177.0,MZ008,73.1875,-56.125
2017,Naajaat,2018-01-10,first,162,140.0,MZ009,73.1875,-55.875
2017,Niaqornat,2018-02-14,first,197,118.5,LX024,70.6875,-52.125
2017,Niaqornat,2018-05-22,last,294,128.0,LX024,70.6875,-52.125
2017,Nutaarmiut,2018-01-17,first,169,196.5,ND007,73.5625,-56.375
2017,Nutaarmiut,2018-05-25,last,297,102.0,ND007,73.5625,-56.375
2017,Nuuk,2018-04-19,last,261,276.5,LX024,70.6875,-52.125
2017,Nuuk,2018-01-29,first,181,129.0,LT028,70.4375,-51.125
2017,Qaanaaq,2018-06-29,last,332,40.5,PS396,77.4375,-69.125
2017,Qaanaaq,2017-11-21,first,112,67.0,PS395,77.4375,-69.375
2017,Qaarsut,2018-02-09,first,192,181.0,LX024,70.6875,-52.125
2017,Qaarsut,2018-05-21,last,293,147.5,LZ021,70.8125,-52.875
2017,Qasigiannguit,2018-02-16,first,199,42.0,LD028,68.8125,-51.125
2017,Qasigiannguit,2018-02-16,first,199,112.0,LD027,68.8125,-51.375
2017,Qasigiannguit,2018-02-16,first,199,239.0,LZ028,70.8125,-51.125
2017,Qasigiannguit,2018-05-03,last,275,103.75,LF027,69.0625,-51.375
2017,Qeqertaq,2018-01-24,first,176,85.0,LG030,69.1875,-50.625
2017,Qeqertaq,2018-05-11,last,283,547.5,LZ017,70.8125,-53.875
2017,Qeqertarsuaq,2018-03-16,first,227,22.0,LG018,69.1875,-53.625
2017,Qeqertarsuaq,2018-04-23,last,265,114.0,LH018,69.3125,-53.625
2017,Qeqertat,2017-12-18,first,139,537.5,PT405,77.5625,-66.875
2017,Qeqertat,2018-04-30,last,272,5.0,PS404,77.4375,-67.125
2017,Qeqertat,2018-04-30,last,272,193.0,PT408,77.5625,-66.125
2017,Saattut,2018-01-25,first,177,104.5,LZ026,70.8125,-51.625
2017,Saattut,2018-05-28,last,300,879.5,LZ026,70.8125,-51.625
2017,Saqqaq,2018-01-28,first,180,186.0,LG031,69.1875,-50.375
2017,Saqqaq,2018-05-22,last,294,585.0,MD020,71.1875,-53.125
2017,Sarfannguit,2018-01-16,first,168,293.0,KH021,66.9375,-52.875
2017,Sarfannguit,2018-01-16,last,168,293.0,KH021,66.9375,-52.875
2017,Savissivik,2018-02-14,first,197,85.5,PS395,77.4375,-69.375
2017,Savissivik,2018-04-06,last,248,121.5,PS395,77.4375,-69.375
2017,Siorapaluk,2018-01-17,first,169,136.0,PS395,77.4375,-69.375
2017,Siorapaluk,2018-05-11,last,283,661.5,PT405,77.5625,-66.875
2017,Ukkusissat,2018-05-28,last,300,238.0,MB025,71.0625,-51.875
2017,Ukkusissat,2017-08-09,first,8,301.0,MD022,71.1875,-52.625
2017,Upernavik,2018-01-08,first,160,33.5,NA008,73.3125,-56.125
2017,Upernavik,2018-05-25,last,297,139.5,NB008,73.4375,-56.125
2017,Upernavik Kujalleq,2018-01-09,first,161,59.0,MM011,72.1875,-55.375
2017,Upernavik Kujalleq,2018-05-22,last,294,187.5,MM011,72.1875,-55.375
2017,Uummannaq,2018-05-23,last,295,64.5,LX024,70.6875,-52.125
2017,Uummannaq,2018-01-31,first,183,325.5,LZ025,70.8125,-51.875
2018,Attu,2019-03-14,first,225,94.0,KS018,67.9375,-53.625
2018,Attu,2019-03-25,last,236,47.5,KS018,67.9375,-53.625
2018,Ikamiut,2019-02-14,first,197,15.2,LE026,68.9375,-51.625
2018,Ikamiut,2019-02-20,last,203,14.82,LE026,68.9375,-51.625
2018,Ikerasak,2019-05-13,last,285,441.5,LT027,70.4375,-51.375
2018,Ikerasak,2018-12-28,first,149,197.5,LT028,70.4375,-51.125
2018,Ilulissat,2018-11-19,first,110,925.4300000000001,LG030,69.1875,-50.625
2018,Ilulissat,2019-04-11,last,253,156.5,LV025,70.5625,-51.875
2018,Innaarsuit,2018-12-13,first,134,313.5,MZ008,73.1875,-56.125
2018,Innaarsuit,2019-05-14,last,286,119.5,MZ009,73.1875,-55.875
2018,Kangersuatsiaq,2019-01-17,first,169,478.0,NN006,74.6875,-56.625
2018,Kangersuatsiaq,2019-05-27,last,299,138.0,NN005,74.6875,-56.875
2018,Kullorsuaq,2018-11-14,first,105,539.5,NN006,74.6875,-56.625
2018,Kullorsuaq,2018-11-14,first,105,684.0,NM003,74.5625,-57.375
2018,Kullorsuaq,2018-11-14,first,105,601.0,NN005,74.6875,-56.875
2018,Kullorsuaq,2019-06-04,last,307,155.5,NN004,74.6875,-57.125
2018,Kullorsuaq,2018-11-14,first,105,401.0,NM006,74.5625,-56.625
2018,Naajaat,2018-12-17,first,138,333.5,MZ009,73.1875,-55.875
2018,Naajaat,2019-05-09,last,281,118.5,MZ009,73.1875,-55.875
2018,Niaqornat,2019-01-02,first,154,435.5,LX024,70.6875,-52.125
2018,Niaqornat,2019-05-02,last,274,78.0,LX023,70.6875,-52.375
2018,Nutaarmiut,2018-12-12,first,133,67.5,ND007,73.5625,-56.375
2018,Nutaarmiut,2019-04-29,last,271,651.0,ND007,73.5625,-56.375
2018,Nuuk,2018-12-19,first,140,215.5,ND008,73.5625,-56.125
2018,Nuuk,2019-04-01,last,243,316.0,NB008,73.4375,-56.125
2018,Qaanaaq,2018-11-12,first,103,149.0,PS396,77.4375,-69.125
2018,Qaanaaq,2019-06-12,last,315,317.0,PS395,77.4375,-69.375
2018,Qaarsut,2019-05-06,last,278,308.0,LX024,70.6875,-52.125
2018,Qaarsut,2019-01-08,first,160,73.5,MB025,71.0625,-51.875
2018,Qasigiannguit,2019-03-27,last,238,149.0,MG021,71.5625,-52.875
2018,Qasigiannguit,2019-01-31,first,183,300.0,LZ027,70.8125,-51.375
2018,Qasigiannguit,2019-01-31,first,183,75.5,LE027,68.9375,-51.375
2018,Qeqertaq,2019-01-20,first,172,185.0,LP028,70.0625,-51.125
2018,Qeqertaq,2019-01-20,first,172,260.0,LN028,69.9375,-51.125
2018,Qeqertaq,2019-04-28,last,270,162.0,LX023,70.6875,-52.375
2018,Qeqertarsuaq,2019-04-24,last,266,126.0,LZ026,70.8125,-51.625
2018,Qeqertarsuaq,2019-02-18,first,201,20.0,LG018,69.1875,-53.625
2018,Qeqertat,2019-01-31,first,183,148.0,PS406,77.4375,-66.625
2018,Qeqertat,2019-06-07,last,310,99.5,PS394,77.4375,-69.625
2018,Saattut,2018-12-27,first,148,814.5,LZ026,70.8125,-51.625
2018,Saattut,2019-05-10,last,282,533.0,LZ026,70.8125,-51.625
2018,Saattut,2018-12-27,first,148,98.5,LZ025,70.8125,-51.875
2018,Saattut,2019-05-10,last,282,243.0,LZ025,70.8125,-51.875
2018,Saqqaq,2019-04-26,last,268,284.0,LZ024,70.8125,-52.125
2018,Saqqaq,2019-01-23,first,175,183.5,LV024,70.5625,-52.125
2018,Sarfannguit,2019-03-12,first,223,58.0,KH021,66.9375,-52.875
2018,Sarfannguit,2019-03-21,last,232,61.0,KH021,66.9375,-52.875
2018,Savissivik,2019-02-08,first,191,715.0,PS394,77.4375,-69.625
2018,Savissivik,2019-06-12,last,315,180.0,PS394,77.4375,-69.625
2018,Siorapaluk,2019-06-03,last,306,143.0,PS396,77.4375,-69.125
2018,Siorapaluk,2019-03-06,first,217,674.0,PT405,77.5625,-66.875
2018,Sisimiut,2019-02-11,first,194,198.0,MZ008,73.1875,-56.125
2018,Sisimiut,2019-05-03,last,275,336.5,NG007,73.9375,-56.375
2018,Ukkusissat,2019-05-08,last,280,571.0,MB025,71.0625,-51.875
2018,Ukkusissat,2018-12-07,first,128,339.0,MA024,70.9375,-52.125
2018,Ukkusissat,2019-05-08,last,280,425.5,MB024,71.0625,-52.125
2018,Upernavik,2018-12-11,first,132,195.0,NG007,73.9375,-56.375
2018,Upernavik,2019-05-27,last,299,26.5,NG007,73.9375,-56.375
2018,Upernavik,2019-05-27,last,299,83.0,NH004,74.0625,-57.125
2018,Upernavik,2019-05-27,last,299,100.0,NH005,74.0625,-56.875
2018,Upernavik,2019-05-27,last,299,100.0,NH007,74.0625,-56.375
2018,Upernavik Kujalleq,2019-01-14,first,166,2040.0,MM011,72.1875,-55.375
2018,Upernavik Kujalleq,2019-05-06,last,278,260.5,MM011,72.1875,-55.375
2018,Uummannaq,2018-12-30,first,151,432.5,LX024,70.6875,-52.125
2018,Uummannaq,2019-05-10,last,282,221.5,LX024,70.6875,-52.125
2019,Aasiaat,2020-03-30,last,242,370.5,MX010,73.0625,-55.625
2019,Aasiaat,2020-03-22,first,234,115.5,NA009,73.3125,-55.875
2019,Ikerasak,2020-01-20,first,172,991.0,LV027,70.5625,-51.375
2019,Ikerasak,2020-05-28,last,301,349.5,LT028,70.4375,-51.125
2019,Ilimanaq,2020-03-02,first,214,238.0,LF028,69.0625,-51.125
2019,Ilimanaq,2020-03-02,last,214,238.0,LF028,69.0625,-51.125
2019,Ilulissat,2019-11-25,first,116,46.0,LG031,69.1875,-50.375
2019,Ilulissat,2020-04-11,last,254,148.31,LG032,69.1875,-50.125
2019,Innaarsuit,2020-01-22,first,174,35.0,MZ008,73.1875,-56.125
2019,Innaarsuit,2020-05-13,last,286,149.5,MZ009,73.1875,-55.875
2019,Kangaatsiaq,2020-02-25,first,208,74.0,LG030,69.1875,-50.625
2019,Kangaatsiaq,2020-03-18,last,230,61.0,LG030,69.1875,-50.625
2019,Kangersuatsiaq,2020-01-29,first,181,95.0,MZ008,73.1875,-56.125
2019,Kangersuatsiaq,2020-05-16,last,289,264.5,NN003,74.6875,-57.375
2019,Kullorsuaq,2020-01-13,first,165,1127.0,NN006,74.6875,-56.625
2019,Kullorsuaq,2020-05-17,last,290,438.0,NN006,74.6875,-56.625
2019,Kullorsuaq,2020-01-13,first,165,198.5,NM003,74.5625,-57.375
2019,Kullorsuaq,2020-05-17,last,290,326.0,NM003,74.5625,-57.375
2019,Kullorsuaq,2020-05-17,last,290,401.0,NN005,74.6875,-56.875
2019,Kullorsuaq,2020-01-13,first,165,128.0,NN004,74.6875,-57.125
2019,Kullorsuaq,2020-05-17,last,290,573.0,NN004,74.6875,-57.125
2019,Kullorsuaq,2020-01-13,first,165,596.5,NN003,74.6875,-57.375
2019,Kullorsuaq,2020-05-17,last,290,1229.5,NN003,74.6875,-57.375
2019,Kullorsuaq,2020-01-13,first,165,156.0,NM007,74.5625,-56.375
2019,Kullorsuaq,2020-01-13,first,165,307.5,NN002,74.6875,-57.625
2019,Naajaat,2020-01-27,first,179,871.5,MZ009,73.1875,-55.875
2019,Naajaat,2020-05-17,last,290,300.0,NN004,74.6875,-57.125
2019,Niaqornat,2020-04-24,last,267,113.5,LX024,70.6875,-52.125
2019,Niaqornat,2020-02-07,first,190,194.5,LX025,70.6875,-51.875
2019,Nutaarmiut,2020-01-20,first,172,119.0,ND007,73.5625,-56.375
2019,Nutaarmiut,2020-05-22,last,295,90.0,ND007,73.5625,-56.375
2019,Nuuk,2020-01-16,first,168,33.5,NA008,73.3125,-56.125
2019,Nuuk,2020-05-17,last,290,300.0,NN004,74.6875,-57.125
2019,Qaanaaq,2019-12-20,first,141,85.5,PS395,77.4375,-69.375
2019,Qaanaaq,2020-06-22,last,326,35.0,PS395,77.4375,-69.375
2019,Qaarsut,2020-01-22,first,174,152.5,MA027,70.9375,-51.375
2019,Qaarsut,2020-05-15,last,288,293.0,MB026,71.0625,-51.625
2019,Qasigiannguit,2020-01-27,first,179,236.5,LX024,70.6875,-52.125
2019,Qasigiannguit,2020-04-10,last,253,346.0,LX026,70.6875,-51.625
2019,Qeqertaq,2020-05-15,last,288,38.5,LZ026,70.8125,-51.625
2019,Qeqertaq,2020-02-03,first,186,125.0,LP028,70.0625,-51.125
2019,Qeqertarsuaq,2020-01-22,first,174,207.0,LZ026,70.8125,-51.625
2019,Qeqertarsuaq,2020-04-13,last,256,556.5,LZ026,70.8125,-51.625
2019,Qeqertat,2020-01-23,first,175,163.0,PS395,77.4375,-69.375
2019,Qeqertat,2020-06-22,last,326,49.5,PS395,77.4375,-69.375
2019,Saattut,2020-01-19,first,171,825.5,LZ026,70.8125,-51.625
2019,Saattut,2020-05-25,last,298,133.0,LZ026,70.8125,-51.625
2019,Saqqaq,2020-04-22,last,265,125.0,LX024,70.6875,-52.125
2019,Saqqaq,2020-02-05,first,188,107.0,LP028,70.0625,-51.125
2019,Savissivik,2020-01-28,first,180,216.5,PS395,77.4375,-69.375
2019,Savissivik,2020-04-02,last,245,107.0,PS399,77.4375,-68.375
2019,Siorapaluk,2020-01-08,first,160,170.0,PS395,77.4375,-69.375
2019,Siorapaluk,2020-06-12,last,316,12.5,PS395,77.4375,-69.375
2019,Ukkusissat,2020-01-23,first,175,194.0,MB026,71.0625,-51.625
2019,Ukkusissat,2020-05-20,last,293,229.0,MB025,71.0625,-51.875
2019,Upernavik,2020-01-10,first,162,67.0,NH004,74.0625,-57.125
2019,Upernavik,2020-05-13,last,286,420.0,NN002,74.6875,-57.625
2019,Upernavik,2020-05-13,last,286,119.0,NB007,73.4375,-56.375
2019,Upernavik Kujalleq,2020-01-15,first,167,36.0,NA008,73.3125,-56.125
2019,Upernavik Kujalleq,2020-05-16,last,289,203.5,NN005,74.6875,-56.875
2019,Uummannaq,2020-01-20,first,172,94.0,LV027,70.5625,-51.375
2019,Uummannaq,2020-01-20,first,172,143.0,LZ026,70.8125,-51.625
2019,Uummannaq,2020-05-14,last,287,269.5,LZ028,70.8125,-51.125
2020,Ikamiut,2020-11-26,first,117,556.0,LN028,69.9375,-51.125
2020,Ikamiut,2020-11-26,last,117,556.0,LN028,69.9375,-51.125
2020,Ikerasak,2021-02-01,first,184,511.0,LV027,70.5625,-51.375
2020,Ikerasak,2021-06-03,last,306,474.0,LT028,70.4375,-51.125
2020,Ilulissat,2020-12-22,first,143,144.0,LG030,69.1875,-50.625
2020,Ilulissat,2021-04-28,last,270,440.06,LG032,69.1875,-50.125
2020,Innaarsuit,2021-05-19,last,291,133.0,MZ008,73.1875,-56.125
2020,Innaarsuit,2021-01-11,first,163,301.5,MZ009,73.1875,-55.875
2020,Kangaatsiaq,2021-01-27,first,179,49.0,LG030,69.1875,-50.625
2020,Kangaatsiaq,2021-03-06,last,217,157.0,LG030,69.1875,-50.625
2020,Kangersuatsiaq,2021-05-21,last,293,139.5,NN005,74.6875,-56.875
2020,Kangersuatsiaq,2021-01-20,first,172,339.5,NH006,74.0625,-56.625
2020,Kitsissuarsuit,2021-06-30,first,333,470.0,LN029,69.9375,-50.875
2020,Kitsissuarsuit,2021-06-30,last,333,470.0,LN029,69.9375,-50.875
2020,Kullorsuaq,2020-12-18,first,139,598.5,NM003,74.5625,-57.375
2020,Kullorsuaq,2021-06-18,last,321,78.5,NN005,74.6875,-56.875
2020,Kullorsuaq,2021-06-18,last,321,245.5,NN004,74.6875,-57.125
2020,Naajaat,2021-01-25,first,177,98.5,MX009,73.0625,-55.875
2020,Naajaat,2021-05-14,last,286,309.5,MZ009,73.1875,-55.875
2020,Niaqornat,2021-02-26,first,209,139.0,LX024,70.6875,-52.125
2020,Niaqornat,2021-03-30,last,241,44.0,LX024,70.6875,-52.125
2020,Nutaarmiut,2021-01-13,first,165,369.5,NN003,74.6875,-57.375
2020,Nutaarmiut,2021-06-09,last,312,248.0,ND009,73.5625,-55.875
2020,Nuuk,2021-03-16,first,227,715.5,LV028,70.5625,-51.125
2020,Nuuk,2021-03-28,last,239,527.0,LX028,70.6875,-51.125
2020,Oqaatsut,2021-02-20,first,203,41.7,LG031,69.1875,-50.375
2020,Oqaatsut,2021-03-01,last,212,182.47,LG031,69.1875,-50.375
2020,Paamiut,2021-03-03,first,214,69.3,HF035,61.9375,-49.375
2020,Paamiut,2021-03-03,last,214,69.3,HF035,61.9375,-49.375
2020,Qaanaaq,2020-12-21,first,142,157.5,PS395,77.4375,-69.375
2020,Qaanaaq,2021-05-31,last,303,152.5,PS397,77.4375,-68.875
2020,Qaanaaq,2021-05-31,last,303,666.0,PT407,77.5625,-66.375
2020,Qaarsut,2021-02-26,first,209,323.0,LX024,70.6875,-52.125
2020,Qaarsut,2021-04-09,last,251,1549.5,LV026,70.5625,-51.625
2020,Qaarsut,2021-04-09,last,251,322.5,LV025,70.5625,-51.875
2020,Qaarsut,2021-04-09,last,251,265.0,LX023,70.6875,-52.375
2020,Qaarsut,2021-04-09,last,251,368.0,LX026,70.6875,-51.625
2020,Qaarsut,2021-04-09,last,251,553.0,LV024,70.5625,-52.125
2020,Qeqertaq,2021-02-07,first,190,232.0,LP028,70.0625,-51.125
2020,Qeqertaq,2021-06-18,last,321,327.0,LN028,69.9375,-51.125
2020,Qeqertarsuaq,2021-02-05,first,188,302.5,LZ026,70.8125,-51.625
2020,Qeqertarsuaq,2021-06-20,last,323,4.0,LN029,69.9375,-50.875
2020,Qeqertat,2020-12-18,first,139,172.5,PT406,77.5625,-66.625
2020,Qeqertat,2021-06-07,last,310,565.0,PT407,77.5625,-66.375
2020,Saattut,2021-05-06,last,278,79.5,LZ026,70.8125,-51.625
2020,Saattut,2021-01-20,first,172,329.0,LZ027,70.8125,-51.375
2020,Saqqaq,2021-02-08,first,191,168.0,LP028,70.0625,-51.125
2020,Saqqaq,2021-03-28,last,239,212.0,LP028,70.0625,-51.125
2020,Saqqaq,2021-03-28,last,239,403.0,LT026,70.4375,-51.625
2020,Siorapaluk,2021-05-19,last,291,36.0,PS398,77.4375,-68.625
2020,Siorapaluk,2021-02-23,first,206,409.0,PS406,77.4375,-66.625
2020,Ukkusissat,2021-02-05,first,188,195.5,MB025,71.0625,-51.875
2020,Ukkusissat,2021-04-29,last,271,60.0,MB025,71.0625,-51.875
2020,Ukkusissat,2021-02-05,first,188,853.0,MA024,70.9375,-52.125
2020,Ukkusissat,2021-02-05,first,188,171.0,MA025,70.9375,-51.875
2020,Upernavik,2021-06-02,last,305,325.0,ND008,73.5625,-56.125
2020,Upernavik,2021-01-13,first,165,696.0,NG007,73.9375,-56.375
2020,Upernavik Kujalleq,2021-05-07,last,279,164.5,ND008,73.5625,-56.125
2020,Upernavik Kujalleq,2021-02-01,first,184,100.0,MM011,72.1875,-55.375
2020,Uummannaq,2021-05-05,last,277,118.0,LX024,70.6875,-52.125
2020,Uummannaq,2021-02-05,first,188,255.0,LZ027,70.8125,-51.375
2020,Uummannaq,2021-02-05,first,188,106.0,MA024,70.9375,-52.125
2021,Aasiaat,2022-02-27,first,210,143.0,LP028,70.0625,-51.125
2021,Aasiaat,2022-03-03,last,214,61.0,LP028,70.0625,-51.125
2021,Akunnaaq,2022-03-02,first,213,33.0,LD023,68.8125,-52.375
2021,Akunnaaq,2022-04-13,last,255,247.0,LD023,68.8125,-52.375
2021,Akunnaaq,2022-04-13,last,255,67.0,LD022,68.8125,-52.625
2021,Akunnaaq,2022-03-02,first,213,125.0,LE020,68.9375,-53.125
2021,Akunnaaq,2022-04-13,last,255,525.0,LD024,68.8125,-52.125
2021,Ikerasak,2022-05-23,last,295,176.5,LT027,70.4375,-51.375
2021,Ikerasak,2022-02-25,first,208,536.0,LV027,70.5625,-51.375
2021,Ikerasak,2022-05-23,last,295,55.0,LV027,70.5625,-51.375
2021,Ikerasak,2022-02-25,first,208,92.0,LV028,70.5625,-51.125
2021,Ikerasak,2022-02-25,first,208,608.5,LT028,70.4375,-51.125
2021,Ikerasak,2022-05-23,last,295,159.0,LT028,70.4375,-51.125
2021,Ilimanaq,2022-04-05,first,247,38.32,LF028,69.0625,-51.125
2021,Ilimanaq,2022-04-05,last,247,38.32,LF028,69.0625,-51.125
2021,Ilulissat,2022-01-28,first,180,419.39,LG030,69.1875,-50.625
2021,Ilulissat,2022-05-24,last,296,197.0,NH006,74.0625,-56.625
2021,Innaarsuit,2022-01-19,first,171,121.0,MZ009,73.1875,-55.875
2021,Innaarsuit,2022-05-31,last,303,482.5,MZ009,73.1875,-55.875
2021,Kangaatsiaq,2022-02-21,first,204,8.0,KV019,68.1875,-53.375
2021,Kangaatsiaq,2022-03-31,last,242,29.5,KV019,68.1875,-53.375
2021,Kangersuatsiaq,2022-01-25,first,177,66.5,MZ008,73.1875,-56.125
2021,Kangersuatsiaq,2022-05-29,last,301,188.0,MZ008,73.1875,-56.125
2021,Kullorsuaq,2022-05-12,last,284,222.5,NM003,74.5625,-57.375
2021,Kullorsuaq,2021-10-06,first,66,477.5,NG006,73.9375,-56.625
2021,Naajaat,2022-01-28,first,180,78.0,MZ010,73.1875,-55.625
2021,Naajaat,2022-06-28,last,331,135.5,LX023,70.6875,-52.375
2021,Niaqornat,2022-01-31,first,183,144.0,LZ026,70.8125,-51.625
2021,Niaqornat,2022-05-22,last,294,153.0,LX024,70.6875,-52.125
2021,Nutaarmiut,2022-05-24,last,296,3.5,ND008,73.5625,-56.125
2021,Nutaarmiut,2022-01-24,first,176,608.5,ND007,73.5625,-56.375
2021,Nuuk,2022-02-07,first,190,253.0,ND008,73.5625,-56.125
2021,Nuuk,2022-05-15,last,287,308.0,LZ029,70.8125,-50.875
2021,Qaanaaq,2022-06-27,last,330,20.0,PS395,77.4375,-69.375
2021,Qaanaaq,2021-12-06,first,127,68.0,PS394,77.4375,-69.625
2021,Qaarsut,2022-02-16,first,199,130.5,LZ026,70.8125,-51.625
2021,Qaarsut,2022-05-21,last,293,501.5,LX024,70.6875,-52.125
2021,Qaarsut,2022-05-21,last,293,239.5,LX023,70.6875,-52.375
2021,Qeqertaq,2022-05-04,last,276,117.5,LV027,70.5625,-51.375
2021,Qeqertaq,2022-02-14,first,197,176.0,LP028,70.0625,-51.125
2021,Qeqertarsuaq,2022-03-29,first,240,100.0,LH019,69.3125,-53.375
2021,Qeqertarsuaq,2022-04-13,last,255,42.0,LH018,69.3125,-53.625
2021,Qeqertat,2021-12-20,first,141,218.0,PT405,77.5625,-66.875
2021,Qeqertat,2022-06-20,last,323,148.5,PT407,77.5625,-66.375
2021,Saattut,2022-01-27,first,179,505.0,LZ026,70.8125,-51.625
2021,Saattut,2022-06-09,last,312,319.5,LZ026,70.8125,-51.625
2021,Saattut,2022-01-27,first,179,258.5,LZ027,70.8125,-51.375
2021,Saqqaq,2022-03-01,first,212,207.0,LP028,70.0625,-51.125
2021,Saqqaq,2022-05-20,last,292,84.0,MB026,71.0625,-51.625
2021,Sarfannguit,2022-04-04,first,246,470.0,KH021,66.9375,-52.875
2021,Sarfannguit,2022-05-12,last,284,144.5,KH021,66.9375,-52.875
2021,Siorapaluk,2022-05-16,last,288,142.0,PS395,77.4375,-69.375
2021,Siorapaluk,2022-03-21,first,232,345.5,PR397,77.3125,-68.875
2021,Ukkusissat,2022-02-20,first,203,139.5,MB026,71.0625,-51.625
2021,Ukkusissat,2022-02-20,first,203,293.0,MB025,71.0625,-51.875
2021,Ukkusissat,2022-06-02,last,305,29.0,MB025,71.0625,-51.875
2021,Upernavik,2022-06-03,last,306,180.0,NG007,73.9375,-56.375
2021,Upernavik,2022-01-20,first,172,443.5,NH006,74.0625,-56.625
2021,Upernavik Kujalleq,2022-05-23,last,295,61.0,MM011,72.1875,-55.375
2021,Upernavik Kujalleq,2022-05-23,last,295,26.0,MM010,72.1875,-55.625
2021,Upernavik Kujalleq,2021-10-18,first,78,141.0,MM012,72.1875,-55.125
2021,Uummannaq,2022-02-08,first,191,335.31,LG030,69.1875,-50.625
2021,Uummannaq,2022-06-07,last,310,491.0,LX024,70.6875,-52.125
2022,Aasiaat,2023-03-15,first,226,34.0,LB023,68.6875,-52.375
2022,Aasiaat,2023-03-20,last,231,14.0,LB023,68.6875,-52.375
2022,Akunnaaq,2023-03-03,first,214,109.0,LB023,68.6875,-52.375
2022,Akunnaaq,2023-03-20,last,231,811.0,LB023,68.6875,-52.375
2022,Akunnaaq,2023-03-03,first,214,69.0,LD023,68.8125,-52.375
2022,Iginniarfik,2023-05-19,first,291,275.0,KT025,68.0625,-51.875
2022,Iginniarfik,2023-05-19,last,291,275.0,KT025,68.0625,-51.875
2022,Ikamiut,2023-02-20,first,203,96.75,LB025,68.6875,-51.875
2022,Ikamiut,2023-03-28,last,239,274.02,LB025,68.6875,-51.875
2022,Ikamiut,2023-03-28,last,239,208.0,LB024,68.6875,-52.125
2022,Ikamiut,2023-02-20,first,203,14.75,LB026,68.6875,-51.625
2022,Ikamiut,2023-03-28,last,239,123.5,LA023,68.5625,-52.375
2022,Ikerasak,2023-01-12,first,164,149.0,LV027,70.5625,-51.375
2022,Ikerasak,2023-06-15,last,318,54.5,LV027,70.5625,-51.375
2022,Ilimanaq,2023-02-15,first,198,46.0,LG029,69.1875,-50.875
2022,Ilimanaq,2023-02-24,last,207,56.0,LG029,69.1875,-50.875
2022,Ilulissat,2023-07-27,last,360,292.2,LG028,69.1875,-51.125
2022,Ilulissat,2023-01-23,first,175,204.0,LG031,69.1875,-50.375
2022,Ilulissat,2023-01-23,first,175,122.0,LG032,69.1875,-50.125
2022,Innaarsuit,2022-11-25,first,116,84.0,MX009,73.0625,-55.875
2022,Innaarsuit,2023-06-12,last,315,4.0,MZ011,73.1875,-55.375
2022,Kangaatsiaq,2023-06-15,first,318,603.0,KV021,68.1875,-52.875
2022,Kangaatsiaq,2023-06-15,last,318,603.0,KV021,68.1875,-52.875
2022,Kangerlussuaq,2023-05-30,last,302,88.5,PT406,77.5625,-66.625
2022,Kangerlussuaq,2023-01-13,first,165,167.0,PS395,77.4375,-69.375
2022,Kangersuatsiaq,2023-01-05,first,157,78.5,MZ008,73.1875,-56.125
2022,Kangersuatsiaq,2023-04-28,last,270,110.5,NG007,73.9375,-56.375
2022,Kullorsuaq,2023-01-09,first,161,405.5,MN013,72.3125,-54.875
2022,Kullorsuaq,2023-01-09,first,161,208.5,NN006,74.6875,-56.625
2022,Kullorsuaq,2023-06-12,last,315,279.5,NN006,74.6875,-56.625
2022,Kullorsuaq,2023-01-09,first,161,187.5,NM003,74.5625,-57.375
2022,Kullorsuaq,2023-06-12,last,315,339.5,NM003,74.5625,-57.375
2022,Kullorsuaq,2023-06-12,last,315,185.5,NN004,74.6875,-57.125
2022,Kullorsuaq,2023-01-09,first,161,569.0,NN003,74.6875,-57.375
2022,Kullorsuaq,2023-06-12,last,315,87.5,NN003,74.6875,-57.375
2022,Kullorsuaq,2023-01-09,first,161,215.5,NM006,74.5625,-56.625
2022,Naajaat,2023-01-09,first,161,428.0,MZ009,73.1875,-55.875
2022,Naajaat,2023-05-26,last,298,202.0,MZ009,73.1875,-55.875
2022,Niaqornat,2023-02-15,first,198,67.0,LX024,70.6875,-52.125
2022,Niaqornat,2023-04-10,last,252,186.0,LX026,70.6875,-51.625
2022,Nutaarmiut,2023-04-22,last,264,286.5,ND008,73.5625,-56.125
2022,Nutaarmiut,2023-01-09,first,161,1139.5,ND007,73.5625,-56.375
2022,Nutaarmiut,2023-04-22,last,264,196.5,ND007,73.5625,-56.375
2022,Nuuk,2023-01-16,first,168,195.0,LX024,70.6875,-52.125
2022,Nuuk,2023-05-02,last,274,223.0,MB024,71.0625,-52.125
2022,Qaanaaq,2022-11-23,first,114,106.0,PS395,77.4375,-69.375
2022,Qaanaaq,2023-06-08,last,311,7.5,PS395,77.4375,-69.375
2022,Qaarsut,2023-05-02,last,274,103.0,LV027,70.5625,-51.375
2022,Qaarsut,2023-01-16,first,168,214.5,LX028,70.6875,-51.125
2022,Qasigiannguit,2023-03-17,first,228,125.0,LD028,68.8125,-51.125
2022,Qasigiannguit,2023-04-20,last,262,236.0,LD028,68.8125,-51.125
2022,Qeqertaq,2023-04-05,last,247,277.0,LP028,70.0625,-51.125
2022,Qeqertaq,2023-04-05,last,247,98.0,LN028,69.9375,-51.125
2022,Qeqertaq,2023-01-20,first,172,364.0,LN027,69.9375,-51.375
2022,Qeqertaq,2023-04-05,last,247,59.0,LN027,69.9375,-51.375
2022,Qeqertat,2023-06-19,last,322,66.0,PR396,77.3125,-69.125
2022,Qeqertat,2023-06-19,last,322,581.5,PT405,77.5625,-66.875
2022,Qeqertat,2023-01-06,first,158,279.0,PS405,77.4375,-66.875
2022,Saattut,2023-01-08,first,160,840.5,LZ026,70.8125,-51.625
2022,Saattut,2023-05-23,last,295,202.0,LZ026,70.8125,-51.625
2022,Saqqaq,2023-01-16,first,168,110.0,LX024,70.6875,-52.125
2022,Saqqaq,2023-04-04,last,246,94.6,LP027,70.0625,-51.375
2022,Sarfannguit,2023-04-17,first,259,299.5,KH021,66.9375,-52.875
2022,Sarfannguit,2023-04-24,last,266,269.5,KH021,66.9375,-52.875
2022,Savissivik,2023-06-02,last,305,34.0,PS395,77.4375,-69.375
2022,Savissivik,2023-04-21,first,263,94.0,PR406,77.3125,-66.625
2022,Siorapaluk,2023-02-14,first,197,98.5,PR396,77.3125,-69.125
2022,Siorapaluk,2023-03-20,last,231,261.5,PR397,77.3125,-68.875
2022,Ukkusissat,2023-01-15,first,167,370.0,MB025,71.0625,-51.875
2022,Ukkusissat,2023-01-15,first,167,117.5,MA024,70.9375,-52.125
2022,Ukkusissat,2023-06-30,last,333,461.0,MB024,71.0625,-52.125
2022,Upernavik,2023-01-09,first,161,120.5,NA008,73.3125,-56.125
2022,Upernavik,2023-05-22,last,294,108.5,NH005,74.0625,-56.875
2022,Upernavik Kujalleq,2023-01-23,first,175,142.0,MM011,72.1875,-55.375
2022,Upernavik Kujalleq,2023-05-23,last,295,9.5,MM011,72.1875,-55.375
2022,Uummannaq,2023-01-13,first,165,210.5,LX024,70.6875,-52.125
2022,Uummannaq,2023-05-17,last,289,101.5,LX026,70.6875,-51.625
