seasonal_year,sellers_locality,ice-only,majority-ice,majority-water,water-only,"Couples, total","Families, total","Single people, total"
2012,Aasiaat,,,,39404.75,306692,188537,126930
2012,Akunnaaq,,,,76830.0,225812,141474,101786
2012,Arsuk,,,,194720.5,325489,223081,155876
2012,Attu,,,,196703.515,216288,153535,92036
2012,Iginniarfik,,,,60045.365000000005,263936,186522,70402
2012,Ikamiut,33540.0,,186836.05,91331.125,263729,212232,114388
2012,Ikerasak,1565.75,99258.875,169049.25,118836.05,251935,173610,107335
2012,Ilimanaq,,,199302.65,135054.6,237968,161402,121296
2012,Illorsuit,,38779.0,126711.5,80504.5,364036,207309,131848
2012,Ilulissat,,20980.85,231755.95,305280.0,338809,223671,141709
2012,Innaarsuit,114895.0,198067.4,185299.5,6223.8,341253,232586,136703
2012,Kangaamiut,,,,152801.115,254716,197885,146342
2012,Kangaatsiaq,,,,175827.88,238146,158650,97759
2012,Kangersuatsiaq,,,60926.5,49933.0,202487,148342,84353
2012,Kitsissuarsuit,,,,180860.0,230967,165003,95568
2012,Kullorsuaq,65228.5,100870.65,27436.5,4298.5,216729,150965,78367
2012,Maniitsoq,,,,59636.630000000005,330309,212462,136288
2012,Naajaat,50020.0,89674.45,139376.9,32218.0,271741,181373,99221
2012,Nanortalik,,,,15899.75,287554,179936,119064
2012,Narsaq,,,,45307.715,275725,178652,122140
2012,Niaqornaarsuk,,,,174075.0,220441,138456,84580
2012,Niaqornat,,96153.0,68426.0,28260.875,270185,175896,108547
2012,Nutaarmiut,,29823.1,66626.9,,194851,139557,104998
2012,Nuugaatsiaq,32916.25,122227.75,70318.0,155895.0,299986,172758,111501
2012,Nuuk,,,,131258.15,461317,284028,186941
2012,Oqaatsut,,,,200120.35,295133,175344,95484
2012,Paamiut,,,,275256.3,304935,191188,129870
2012,Qaarsut,5205.0,,109258.07,185109.375,265791,186493,128671
2012,Qaqortoq,,,,93105.55,333791,201395,131148
2012,Qasigiannguit,24705.625,,105429.5,97778.55,299161,202239,124189
2012,Qeqertaq,,,172887.25,85260.0,309591,209263,122773
2012,Qeqertarsuaq,,,94994.875,103706.5,...,...,...
2012,Qeqertarsuatsiaat,,,,318014.75,305789,202986,147859
2012,Saattut,27651.75,75977.1,184616.33000000002,142786.0,297900,216768,118252
2012,Saqqaq,,,214715.0,182109.59,313709,208554,128546
2012,Sermiligaaq,,,8380.01,12612.575,222720,132819,75282
2012,Sisimiut,,,,54657.0,372651,228047,146088
2012,Tasiilaq,,,,7974.38,318866,184290,123993
2012,Ukkusissat,,70194.75,145158.75,66223.125,236551,187365,108667
2012,Upernavik,32742.0,73041.0,139050.2,15718.3,312618,214109,125156
2012,Upernavik Kujalleq,21879.0,59130.5,113737.25,49398.0,213771,141839,89088
2012,Uummannaq,26601.0,101962.0,144403.5,44763.05,330996,218230,135799
2013,Aasiaat,,,,29814.375,309014,186511,124854
2013,Akunnaaq,,116082.125,101601.5,70489.5,242038,144447,105924
2013,Arsuk,,,,198131.15,320225,205275,134276
2013,Atammik,,,,182621.75,262754,189345,101663
2013,Attu,,,,108701.0,211175,155934,110636
2013,Iginniarfik,,,,16073.53,273706,171075,68444
2013,Ikamiut,,,125370.5,52616.25,233955,181122,110678
2013,Ikerasak,6704.0,112614.39,119454.64,116610.5,263454,188279,107859
2013,Ilimanaq,,,,268066.75,262333,157933,119970
2013,Illorsuit,,,48007.0,93960.5,284952,181140,131157
2013,Ilulissat,1384.0,48974.075,210588.75,271700.125,343894,223158,139740
2013,Innaarsuit,121056.0,224720.0,245633.0,18107.0,305076,203977,120719
2013,Kangaamiut,,,,167697.375,258842,186668,126391
2013,Kangaatsiaq,,,,127644.25,280647,182892,110274
2013,Kangersuatsiaq,,,47695.0,45556.3,207274,145321,76288
2013,Kapisillit,,,,72137.0,234372,152628,96893
2013,Kitsissuarsuit,,,,150581.0,216666,174997,118446
2013,Kullorsuaq,75484.0,101320.0,56496.0,12320.0,223488,151976,74285
2013,Kulusuk,3480.0,,,,278953,181672,117744
2013,Maniitsoq,,,,69397.75,325986,212739,138169
2013,Naajaat,,87520.5,182743.0,,264688,167465,87918
2013,Nanortalik,,,,71589.0,286898,180400,124361
2013,Narsaq,,,,51991.5,285387,184659,123547
2013,Niaqornaarsuk,,,,117856.05,233845,148259,94205
2013,Niaqornat,,92616.5,119598.95,45596.065,199204,135866,93640
2013,Nutaarmiut,10725.0,23621.0,75058.0,6478.0,229570,184668,121805
2013,Nuugaatsiaq,,39657.375,157184.325,43787.0,278736,189353,121251
2013,Nuuk,,133952.0,,82297.38,466248,290831,190890
2013,Oqaatsut,,,,85858.625,319747,181301,100541
2013,Paamiut,,,,71749.825,314634,191229,128440
2013,Qaanaaq,16282.0,,,,268904,166032,102023
2013,Qaarsut,,42263.5,115783.0,139205.13,294790,191954,112491
2013,Qaqortoq,,,,82215.57,354017,207424,136418
2013,Qasigiannguit,,,262155.21499999997,95152.0,313620,210005,122357
2013,Qassimiut,,,,64152.0,..,155399,109094
2013,Qeqertaq,,28021.5,220836.25,324011.5,292907,194883,125318
2013,Qeqertarsuaq,,,116417.655,140808.875,...,...,...
2013,Qeqertarsuatsiaat,,,,271912.875,324153,200952,145669
2013,Qeqertat,11482.0,,,,199212,180676,..
2013,Saattut,89200.75,147748.25,214378.64,133157.78,308429,215215,125805
2013,Saqqaq,,,167152.295,223770.55,332585,220631,132666
2013,Sermiligaaq,,,40233.14,7156.255,211616,128553,81536
2013,Siorapaluk,22094.5,,,,198361,151112,103863
2013,Sisimiut,,,,32006.5,376591,233686,150174
2013,Tasiilaq,,,,48678.13,325815,195269,136471
2013,Ukkusissat,,137999.5,141127.0,118243.25,260835,212877,129471
2013,Upernavik,20884.0,82688.0,132577.0,53049.5,311776,212535,131272
2013,Upernavik Kujalleq,22676.0,54076.5,108578.0,75529.0,231096,143619,87633
2013,Uummannaq,9218.0,81658.565,141270.38,53033.13,347940,224163,134378
2014,Aasiaat,,,219756.25,35714.0,303997,186048,130026
2014,Akunnaaq,,32701.5,190261.0,110709.75,270139,156668,108529
2014,Arsuk,,,,222116.0,287809,184798,124204
2014,Atammik,,,,88168.0,253721,186604,99150
2014,Attu,,,,158398.91499999998,233554,168658,112415
2014,Iginniarfik,,,,46781.375,257027,171115,79067
2014,Ikamiut,38557.315,98733.5,224203.5,28953.5,227048,178389,109455
2014,Ikerasak,,153729.75,236143.875,22530.75,279106,197371,113897
2014,Ilimanaq,,,458944.75,427296.25,249697,172960,132572
2014,Illorsuit,162178.5,153797.875,161424.25,,280629,188701,144439
2014,Ilulissat,,148824.75,264404.5,294813.425,351875,229933,143798
2014,Innaarsuit,,161956.0,295695.75,15211.625,403443,252234,162228
2014,Kangaamiut,,,,202597.025,271048,187708,126071
2014,Kangaatsiaq,,,,78252.375,269805,165169,105101
2014,Kangersuatsiaq,,,121813.0,44214.875,211208,159368,101243
2014,Kapisillit,,,,154273.25,249145,167205,111140
2014,Kitsissuarsuit,,,,190949.0,237360,173641,105940
2014,Kullorsuaq,59359.875,128608.5,113815.25,3718.0,219051,149108,80773
2014,Maniitsoq,,,,89130.0,329694,216828,146453
2014,Naajaat,12713.25,72600.25,147975.625,77410.0,271327,222182,132083
2014,Nanortalik,,,11293.7,12526.35,283079,171802,117850
2014,Napasoq,,,,123936.5,225205,173069,136140
2014,Narsaq,,,,95623.5,284845,184913,122111
2014,Niaqornaarsuk,,,1308.0,109421.5,262068,159424,88257
2014,Niaqornat,,16972.5,112595.75,19458.25,161746,129776,97806
2014,Nutaarmiut,13983.75,94374.75,,,231190,197081,162972
2014,Nuugaatsiaq,53677.5,76937.0,85414.0,11008.625,284240,185958,118947
2014,Nuuk,,,298761.13,178290.885,460281,286117,187599
2014,Oqaatsut,,,297.0,192478.0,219747,140560,106623
2014,Paamiut,,,,199916.465,309666,193445,125180
2014,Qaanaaq,23259.065000000002,,,,273812,167219,107636
2014,Qaarsut,34344.75,157330.5,134229.0,72296.125,247914,166639,119063
2014,Qaqortoq,,,,114166.5,345586,205240,137399
2014,Qasigiannguit,,35536.0,192720.375,41313.0,305621,208275,128713
2014,Qassimiut,,,,70246.75,..,163887,104770
2014,Qeqertaq,,,296184.0,58052.0,321809,215108,130484
2014,Qeqertarsuaq,8258.5,,101650.5,106741.0,...,...,...
2014,Qeqertarsuatsiaat,,,,284731.75,307686,192785,139270
2014,Qeqertat,12406.0,,,,199261,137840,..
2014,Saattut,156384.25,138861.25,225151.875,51564.0,334556,228301,134796
2014,Saqqaq,,,292647.61,205921.96,319924,201647,110251
2014,Savissivik,3570.0,,,,183155,121554,93834
2014,Sermiligaaq,,,,16655.63,216834,134006,81605
2014,Siorapaluk,33897.5,,,,187501,145969,94053
2014,Sisimiut,,,,137288.065,380285,238681,153081
2014,Ukkusissat,,133210.875,239118.375,27609.25,288094,225617,125110
2014,Upernavik,35297.625,89626.5,130490.25,31629.0,318799,212379,124564
2014,Upernavik Kujalleq,39657.75,93206.5,130489.75,,228195,136769,87539
2014,Uummannaq,24634.5,122205.375,126890.0,6189.75,338408,217873,133853
2015,Aasiaat,,13230.0,,48280.75,321258,191941,127580
2015,Akunnaaq,,,,120251.0,289043,167914,118705
2015,Alluitsup Paa,,,,20811.25,236888,142645,101293
2015,Arsuk,,,,150780.5,296755,195686,115528
2015,Atammik,,,,162479.5,268002,190324,93227
2015,Attu,,,,99998.875,241407,164151,105846
2015,Iginniarfik,,,,69523.75,267445,155503,68436
2015,Ikamiut,,,,47503.13,271322,199152,122736
2015,Ikerasak,,113811.375,272601.25,39130.5,286000,206759,124147
2015,Ilimanaq,,,,245368.25,286240,178040,130996
2015,Illorsuit,,41608.5,15759.0,143174.0,331351,205073,141934
2015,Ilulissat,,84851.25,179256.5,293719.0,355646,229313,142179
2015,Innaarsuit,50386.5,219812.5,286056.75,11739.0,336189,231479,126770
2015,Kangaamiut,,,,165685.13,283123,205115,153600
2015,Kangaatsiaq,,,,110853.25,268315,171678,108280
2015,Kangerluk,,,,104802.5,306403,198595,90787
2015,Kangersuatsiaq,,174269.25,179094.75,39979.0,221433,147647,83570
2015,Kapisillit,,,,138684.95,238108,160993,117406
2015,Kitsissuarsuit,,,,235703.5,241679,168955,105321
2015,Kullorsuaq,12185.25,124008.75,40293.0,12094.0,223122,156223,86139
2015,Maniitsoq,,,,65339.815,347801,229969,154393
2015,Naajaat,12120.5,101022.25,259168.5,1449.0,244196,181863,103947
2015,Nanortalik,,,,20273.975,288858,177971,125144
2015,Narsaq,,,,153211.625,300159,195765,127270
2015,Niaqornaarsuk,,,,152937.25,256477,161478,98574
2015,Niaqornat,,112488.75,145806.0,69678.5,245181,155435,100206
2015,Nutaarmiut,19385.0,80614.5,142442.5,,256777,170887,127941
2015,Nuugaatsiaq,,133260.375,64535.75,22656.5,352298,236064,132744
2015,Nuuk,,52532.0,,207570.5,483244,298853,194367
2015,Oqaatsut,,,166290.0,74834.0,286919,170719,131986
2015,Paamiut,,,,78493.8,319897,196975,131433
2015,Qaanaaq,15783.0,32897.75,,,264406,168594,111612
2015,Qaarsut,17834.125,65309.875,160613.25,139760.0,318510,202600,123054
2015,Qaqortoq,,,,62764.0,368971,218207,144942
2015,Qasigiannguit,,,,168060.25,306131,213446,131279
2015,Qassimiut,,,,198968.875,..,117082,52060
2015,Qeqertaq,,,200459.71,151239.0,278467,191285,122141
2015,Qeqertarsuaq,,,147878.75,53557.0,...,...,...
2015,Qeqertarsuatsiaat,,,,305293.25,341309,215213,131796
2015,Qeqertat,4648.875,57982.0,,,178660,146815,..
2015,Saattut,103043.25,101864.25,221316.25,61108.19,354733,255208,142701
2015,Saqqaq,,,185791.5,175258.0,313829,214605,122824
2015,Sarfannguit,,,,527354.89,310498,233043,158816
2015,Savissivik,1085.0,,,,193917,127724,82216
2015,Sermiligaaq,,,,9248.5,216957,137446,83378
2015,Siorapaluk,25344.0,40335.5,,,180300,142177,104053
2015,Sisimiut,,,,81655.83499999999,399129,250797,157884
2015,Ukkusissat,33734.25,149371.5,216044.75,17981.875,312139,232989,117307
2015,Upernavik,49617.5,130772.75,159389.14,42795.75,321870,216054,126844
2015,Upernavik Kujalleq,,95153.25,130269.5,23378.0,258388,154093,91081
2015,Uummannaq,70069.5,99637.25,184173.875,47853.875,354187,226514,136003
2016,Aasiaat,14335.5,,,67448.62,327801,199040,133697
2016,Akunnaaq,25097.0,27427.0,159038.5,146206.375,341317,194635,143098
2016,Arsuk,,,,210873.75,318476,211497,104518
2016,Atammik,,,,170597.7,277395,203346,100127
2016,Attu,,,,45985.125,263334,194379,122218
2016,Iginniarfik,,,,65207.87,266957,179227,59594
2016,Ikamiut,31491.75,67498.95,,,333767,205031,114159
2016,Ikerasak,22971.0,210914.5,276764.0,61775.5,286789,216287,133251
2016,Ilimanaq,49281.25,,246767.5,138870.5,371140,205269,122333
2016,Illorsuit,8167.0,197083.0,146672.0,21233.5,379729,226635,143708
2016,Ilulissat,,84490.25,201532.375,152167.0,390339,250153,150472
2016,Innaarsuit,107044.55,118315.3,212149.56,7020.0,365850,262931,165729
2016,Kangaamiut,,,,114048.375,310231,221733,161840
2016,Kangaatsiaq,,,,30896.18,276485,181885,117126
2016,Kangerluk,,,131440.0,48099.375,323076,200393,98158
2016,Kangersuatsiaq,,70321.845,83759.98999999999,31305.635,211380,150056,104419
2016,Kapisillit,,,,103416.05,237732,163096,122669
2016,Kitsissuarsuit,,,,78382.5,304009,218671,133334
2016,Kullorsuaq,31060.0,109108.695,131903.01,19158.625,238017,167975,97119
2016,Maniitsoq,,,,3813.25,378120,243177,163566
2016,Naajaat,11289.920000000002,195390.94,155576.66499999998,14927.5,286729,199441,104217
2016,Nanortalik,,,,26581.0,305005,188789,132824
2016,Narsaq,,,,64735.625,311773,194616,126275
2016,Niaqornaarsuk,,,,47811.75,278933,171385,102444
2016,Niaqornat,,121947.5,162682.75,53356.0,261091,162102,108800
2016,Nutaarmiut,,108127.975,44946.71,,323561,243219,171804
2016,Nuugaatsiaq,,64723.0,38218.0,11184.25,352870,223713,112168
2016,Nuuk,,,,154390.75,496786,307203,202332
2016,Oqaatsut,,,77963.75,29862.0,255308,159993,121868
2016,Paamiut,,,,106927.20000000001,323223,195613,128902
2016,Qaanaaq,38018.0,,,,275238,159430,99549
2016,Qaarsut,75290.75,178199.0,220344.375,25341.5,296747,202778,128803
2016,Qaqortoq,,,,108794.5,383266,224634,148432
2016,Qasigiannguit,19812.0,53951.75,132234.05,105714.75,328400,228347,138620
2016,Qassimiut,,,,150331.74,..,157292,96083
2016,Qeqertaq,,,247083.75,62012.5,354119,248955,129451
2016,Qeqertarsuaq,,,149682.25,38028.875,...,...,...
2016,Qeqertarsuatsiaat,,,,319851.9,306081,184465,116286
2016,Qeqertat,4820.625,,,,226372,146236,79456
2016,Saattut,38435.0,161549.785,199307.19,36499.95,404657,291215,177772
2016,Saqqaq,6384.0,173069.0,203420.5,71160.625,380611,262066,149929
2016,Sarfannguit,,,,478711.46,341730,242470,157390
2016,Sermiligaaq,,,,56991.0,241866,157215,81029
2016,Siorapaluk,12847.75,,,,185905,150841,119283
2016,Sisimiut,,,,82825.35500000001,414647,262975,167187
2016,Tasiilaq,,,,7562.5,338179,193155,132081
2016,Ukkusissat,,185812.32,280095.8,,353059,261705,134462
2016,Upernavik,27611.51,105383.405,127498.185,41222.8,332805,222234,123279
2016,Upernavik Kujalleq,10326.5,75621.25,110393.41500000001,42642.97,237436,149111,93691
2016,Uummannaq,11730.0,192375.5,206136.25,53272.05,375999,238559,135479
2017,Aasiaat,,,5800.0,46859.0,322011,197844,135648
2017,Akunnaaq,,,88771.0,88949.0,310588,173540,121685
2017,Arsuk,,,,49970.0,319958,242857,169610
2017,Atammik,,,,75825.925,313028,209427,105826
2017,Attu,,,,58281.325,273190,184461,113131
2017,Iginniarfik,,,,23097.2,259283,152632,76452
2017,Ikamiut,,,85402.92,65487.76,277521,196504,98125
2017,Ikerasak,67629.85,168755.34,292732.17,41254.32,280338,199545,114346
2017,Ilimanaq,,,,35234.72,303786,226260,183973
2017,Illorsuit,,26410.4,69263.07,28624.56,...,149549,149549
2017,Ilulissat,,47644.59,284696.615,174657.78,386603,245777,149120
2017,Innaarsuit,23163.355000000003,181591.05,260338.625,42554.05,292709,203762,127832
2017,Kangaamiut,,,,79581.2,279730,196144,138623
2017,Kangaatsiaq,,,,53282.14,282281,182212,109007
2017,Kangerluk,,,,109453.28,..,191742,137678
2017,Kangersuatsiaq,,96439.17,113034.59,54893.84,204499,135524,91631
2017,Kapisillit,,,,99312.5,255858,186325,142409
2017,Kitsissuarsuit,,,,80225.0,261630,168063,99446
2017,Kullorsuaq,54235.49,126982.775,89928.21,22950.094999999998,223372,158257,95439
2017,Kulusuk,,,,9295.0,289586,183192,116497
2017,Maniitsoq,,,,18816.2,383867,243377,162999
2017,Naajaat,26357.495,176762.66,194099.3,151832.98,233129,161595,107945
2017,Nanortalik,,,,52195.37,306845,189953,132847
2017,Narsaq,,,,56536.880000000005,321914,199246,129112
2017,Niaqornaarsuk,,,,56574.06,276717,177059,96177
2017,Niaqornat,,15794.2,125465.045,96500.17,248035,171480,94925
2017,Nutaarmiut,59862.82,170210.365,136660.08000000002,,280476,250611,207946
2017,Nuugaatsiaq,,,14105.43,,..,..,..
2017,Nuuk,,153151.77,113758.47499999999,161098.275,513757,315562,207799
2017,Oqaatsut,,,,45983.92,..,159534,118088
2017,Paamiut,,,,38337.17,324339,200977,137497
2017,Qaanaaq,32520.620000000003,,,,274429,171161,108873
2017,Qaarsut,124482.0,199637.26,203328.255,19271.68,293383,207171,117040
2017,Qaqortoq,,,,49087.13,400569,227423,147874
2017,Qasigiannguit,22681.705,41448.31,139518.54,23214.67,334169,227538,141427
2017,Qassimiut,,,,60286.0,..,208150,91747
2017,Qeqertaq,,3770.0,258939.235,174918.75,309919,219180,132071
2017,Qeqertarsuaq,2515.5,,69030.44,33734.2,...,...,...
2017,Qeqertarsuatsiaat,,,,141793.05,321169,192982,119732
2017,Qeqertat,15514.880000000001,,,,..,125260,75670
2017,Saattut,187040.8,228048.58500000002,260578.46000000002,99458.3,378069,275552,146860
2017,Saqqaq,89070.0,,169133.655,136244.37,330299,216690,130791
2017,Sarfannguit,,,,257345.71000000002,323526,237242,154554
2017,Savissivik,6403.645,,,4705.35,197837,137717,95280
2017,Sermiligaaq,,,,100284.25,258298,158919,90595
2017,Siorapaluk,30219.75,,,,212642,178628,144614
2017,Sisimiut,,,,106574.33,412763,264035,170500
2017,Tasiilaq,,,,8170.0,340493,197160,137813
2017,Ukkusissat,160727.07,117136.34,292249.35,80691.565,309142,232775,138590
2017,Upernavik,28563.76,89129.92499999999,132158.625,43251.3,334769,219779,125353
2017,Upernavik Kujalleq,,130100.81,118170.24,58586.26,229144,150147,98009
2017,Uummannaq,74410.28,201939.45500000002,185493.15,13546.300000000001,370523,237204,142726
2018,Aasiaat,,,,37297.0,326898,199796,137156
2018,Akunnaaq,,,,20547.0,288211,166872,119203
2018,Arsuk,,,,11149.465,293761,215171,143726
2018,Atammik,,,,126956.0,285167,194804,108287
2018,Attu,,,,28208.75,266979,180153,106947
2018,Igaliku,,,,43671.5,308377,178087,112942
2018,Iginniarfik,,,,6939.0599999999995,213672,139997,77374
2018,Ikamiut,,,50555.729999999996,25083.0,261070,198804,118748
2018,Ikerasak,71537.5,220324.27500000002,251054.35,28904.0,274086,192567,112558
2018,Ilimanaq,,,,161290.28,336050,213725,155474
2018,Ilulissat,3383.8999999999996,16460.5,267298.575,175863.86,386040,246562,153788
2018,Innaarsuit,44494.375,264470.01,231058.64,7441.5,349046,242917,123522
2018,Kangaamiut,,,,27296.25,293460,202845,143058
2018,Kangaatsiaq,,,,33510.0,271281,183441,115258
2018,Kangerluk,,,,26654.0,..,152126,123377
2018,Kangersuatsiaq,,56697.75,178231.06,57004.15,222678,149278,104600
2018,Kapisillit,,,,12320.0,253420,158022,117138
2018,Kitsissuarsuit,,,,97359.8,289232,199233,109234
2018,Kullorsuaq,71620.345,131417.21,74871.5,23199.475000000002,268979,183790,107215
2018,Kulusuk,,,,64854.5,260555,180009,124460
2018,Maniitsoq,,,,17076.0,375432,232929,159851
2018,Naajaat,54709.25,52124.03,185279.495,3933.0,257960,149895,85056
2018,Nanortalik,,,19858.45,31981.63,318155,196633,137467
2018,Narsaq,,,,29045.0,324011,197744,130648
2018,Narsarsuaq,,,,804.0,329051,242021,207209
2018,Niaqornaarsuk,,,,31900.25,251474,158203,95596
2018,Niaqornat,,270228.5,139554.0,24850.925,228618,161263,100032
2018,Nutaarmiut,,110011.60999999999,138412.525,,273711,251797,220491
2018,Nuuk,,,189600.45,178651.5,493213,307595,206772
2018,Oqaatsut,,,88288.93,13365.73,..,172721,116325
2018,Paamiut,,,,86116.83499999999,336423,203850,133881
2018,Qaanaaq,44893.975,,,,287154,180828,116108
2018,Qaarsut,31064.5,195385.45,275065.725,44260.5,309038,207451,116907
2018,Qaqortoq,,,,50647.78,378721,225099,149688
2018,Qasigiannguit,,24897.91,101546.5,74816.0,344071,226003,138417
2018,Qassimiut,,,,25688.625,..,153108,83581
2018,Qeqertaq,,26170.5,285462.46,104068.345,375866,255709,135551
2018,Qeqertarsuaq,260.0,,123815.88,58392.375,...,...,...
2018,Qeqertarsuatsiaat,,,,137914.975,350010,211703,134345
2018,Qeqertat,20076.0,,,,248412,154159,75615
2018,Saattut,151023.0,208934.21999999997,209176.42,31977.94,373215,272057,130905
2018,Saqqaq,,,195346.38,130774.635,337039,213941,122407
2018,Savissivik,65478.125,,,6404.75,206569,139860,88848
2018,Sermiligaaq,,,,161940.0,284411,165147,80790
2018,Siorapaluk,38058.625,,,,203453,184702,153450
2018,Sisimiut,,,53260.75,200584.66,415106,260681,169650
2018,Tasiilaq,,,,40647.5,341281,204813,143569
2018,Ukkusissat,11105.5,178032.85,338591.9,86127.5,316466,226937,129948
2018,Upernavik,14383.875,82096.125,124396.54000000001,33709.5,334713,224891,128744
2018,Upernavik Kujalleq,15229.5,100174.2,138405.7,16681.75,264604,160802,98521
2018,Uummannaq,69226.5,245625.0,255431.45,21946.65,363562,231802,144828
2019,Aasiaat,,11650.0,,34620.0,332887,204154,140090
2019,Akunnaaq,,,,18941.565000000002,312480,186738,143379
2019,Alluitsup Paa,,,,75947.55,222258,139459,103417
2019,Arsuk,,,,2876.2200000000003,327972,201838,134266
2019,Atammik,,,,169777.0,317155,211824,108834
2019,Attu,,,,77129.75,248513,176479,102807
2019,Eqalugaarsuit,,,,4180.5,240035,168928,129934
2019,Iginniarfik,,,,10989.0,232561,153530,110422
2019,Ikamiut,,,,36491.485,293793,230036,139714
2019,Ikerasak,56280.0,209110.0,299689.05000000005,80324.005,299535,206049,109100
2019,Ilimanaq,,,931426.19,203739.345,328138,195361,138457
2019,Ilulissat,40040.0,102047.23000000001,211549.0,197347.04499999998,412340,257812,160749
2019,Innaarsuit,52602.75,173666.48,211667.34,12634.119999999999,372093,260890,149687
2019,Kangaamiut,,,,20437.0,304040,203251,130774
2019,Kangaatsiaq,,,,29673.635000000002,287768,194805,115123
2019,Kangerluk,,,,125676.0,..,154866,114812
2019,Kangersuatsiaq,,109997.32,144655.43,48486.11,238849,146704,98629
2019,Kitsissuarsuit,,,,48582.0,279759,189056,124268
2019,Kullorsuaq,61568.75,138279.0,141843.25,30830.0,248305,167942,104579
2019,Kulusuk,,,,41980.5,243038,166147,117217
2019,Maniitsoq,,,,26334.5,379555,241236,163484
2019,Naajaat,31623.5,83633.75,218991.37,45480.96,219918,149682,95655
2019,Nanortalik,,,,29155.5,312713,189805,133519
2019,Narsaq,,,,10569.25,317662,197618,136346
2019,Niaqornaarsuk,,,,38102.0,280981,173587,107386
2019,Niaqornat,,,113754.255,12898.0,227779,156714,109337
2019,Nutaarmiut,44675.25,201550.0,186162.74,75760.0,301728,253341,214632
2019,Nuuk,,,93634.0,94582.0,508009,309949,205922
2019,Oqaatsut,,,60741.32,127513.685,..,190809,141126
2019,Paamiut,,,,69566.13,342503,203287,134428
2019,Qaanaaq,33019.625,,,,289618,180673,116195
2019,Qaarsut,178982.5,152383.19,261306.38,93694.0,315325,226431,130869
2019,Qaqortoq,,,,79013.0,388598,230742,151280
2019,Qasigiannguit,,,81585.0,89642.0,344346,225936,141143
2019,Qassimiut,,,,209521.715,..,139274,100881
2019,Qeqertaq,,,244304.5,186705.66,348394,232518,139817
2019,Qeqertarsuaq,,203326.0,83345.5,38584.0,...,...,...
2019,Qeqertarsuatsiaat,,,,208044.0,348610,213175,134172
2019,Qeqertat,19477.5,,,,236305,151404,66503
2019,Saattut,,202371.03,222640.0,60472.785,362328,263212,143007
2019,Saqqaq,,8016.5,115643.0,109540.0,328709,217863,136756
2019,Savissivik,9001.5,,,,206447,145002,92335
2019,Sermiligaaq,,,,183161.0,270063,150506,81530
2019,Siorapaluk,25767.065,,,,222090,183672,145254
2019,Sisimiut,,,62737.31,1075.7,422565,259607,169695
2019,Tasiilaq,,,,66146.875,357134,200772,136569
2019,Ukkusissat,29738.07,188780.0,341969.5,72143.25,302699,224717,148788
2019,Upernavik,87228.75,72480.0,140791.78,73329.5,361638,236522,135819
2019,Upernavik Kujalleq,35560.0,85299.27,150563.62,47830.0,271915,176446,95504
2019,Uummannaq,32247.5,192760.125,214740.75,57078.5,376316,237309,142824
2020,Aasiaat,,,,61242.5,352384,212329,143084
2020,Akunnaaq,,,,68304.0,307674,185555,129584
2020,Alluitsup Paa,,,,52660.25,262591,159316,106990
2020,Arsuk,,,,140910.75,350262,197735,128405
2020,Atammik,,,,114028.5,297798,194176,105665
2020,Attu,,,,42357.22,240057,161076,99978
2020,Eqalugaarsuit,,,,24597.125,278671,179996,133561
2020,Iginniarfik,,,,5376.25,240379,182185,119834
2020,Ikamiut,,,204182.49,116655.475,304041,215327,113939
2020,Ikerasak,24916.5,71258.25,245740.1,39296.0,294535,208676,121311
2020,Ilimanaq,,,,130079.0,285732,209605,169538
2020,Ilulissat,,5848.18,160621.685,186891.0,415140,265676,170319
2020,Innaarsuit,73194.125,158470.0,220254.3,29219.16,338820,243250,138122
2020,Kangaamiut,,,,56150.5,323163,215835,135963
2020,Kangaatsiaq,,,103394.25,39166.104999999996,290817,197038,122426
2020,Kangerluk,,,,113080.75,..,174645,114743
2020,Kangersuatsiaq,,72605.255,152999.7,25933.165,208178,145089,105476
2020,Kitsissuarsuit,,,287547.0,69151.5,309568,193693,106787
2020,Kullorsuaq,42921.0,119925.5,164911.62,36594.0,272747,181032,112027
2020,Kulusuk,,,,73264.125,282855,171832,110153
2020,Maniitsoq,,,,114145.7,397280,247692,161419
2020,Naajaat,17550.0,68409.33,200449.74,25909.010000000002,306609,194360,93337
2020,Nanortalik,,,,20798.39,325279,195213,137104
2020,Narsaq,,,,42429.0,335236,201006,135347
2020,Narsarsuaq,,,,101452.01,381873,249000,199454
2020,Niaqornaarsuk,,,,53537.75,277840,159432,100228
2020,Niaqornat,,,82507.5,38856.0,266694,190665,135371
2020,Nutaarmiut,44505.0,92987.0,189973.085,3990.0,344183,302245,218368
2020,Nuuk,,,409323.75,122247.875,529538,321539,209236
2020,Oqaatsut,,,119524.48,65628.0,..,179032,129295
2020,Paamiut,,,,107469.29000000001,351407,209682,141024
2020,Qaanaaq,21417.375,134467.5,,,287939,180486,119165
2020,Qaarsut,,,222956.63,88284.76,347041,252098,147161
2020,Qaqortoq,,,,37532.25,400378,240030,159233
2020,Qasigiannguit,,,,72480.81,367162,244725,152389
2020,Qassimiut,,,,242590.33,..,170710,114673
2020,Qeqertaq,,,146394.0,141230.51,329061,216849,142040
2020,Qeqertarsuaq,,254409.88,66231.25,50932.75,...,...,...
2020,Qeqertarsuatsiaat,,,,249958.7,399990,260011,164235
2020,Qeqertat,13967.25,,,,..,150501,81979
2020,Saattut,61666.5,135674.0,242875.5,70352.94,404295,291431,155052
2020,Saqqaq,5122.0,,198854.61,95518.0,277832,198120,136946
2020,Sarfannguit,,,,166697.11000000002,322977,224312,165114
2020,Sermiligaaq,,,,86386.125,279191,165803,98207
2020,Siorapaluk,56216.0,,,,245018,190859,152947
2020,Sisimiut,,,,54284.725,432861,265726,174241
2020,Tasiilaq,,,,24124.75,358769,203681,141695
2020,Ukkusissat,2929.5,107837.375,241595.125,84773.0,327449,231020,131912
2020,Upernavik,8487.0,62262.0,173146.56,53123.915,362399,231692,134216
2020,Upernavik Kujalleq,11430.0,41101.0,153749.0,34784.0,253695,169730,105522
2020,Uummannaq,,19540.5,212024.5,109737.0,373307,240552,153680
2021,Aasiaat,,,70539.5,103496.63,362438,217292,149726
2021,Akunnaaq,86565.625,168188.5,84215.125,132633.5,323393,196747,154532
2021,Ammassivik,,,,844.0,282153,155942,116086
2021,Arsuk,,,,157278.63,369248,205739,146694
2021,Atammik,,,,196271.75,289405,195848,117260
2021,Attu,,,,99974.75,246356,169032,96864
2021,Iginniarfik,,,,30070.38,283105,223492,148976
2021,Ikamiut,,,,67389.14,332923,223451,127663
2021,Ikerasak,,145284.5,282967.5,34224.625,296467,207316,118165
2021,Ilimanaq,,,840745.8099999999,370659.92,340312,195455,142780
2021,Ilulissat,,80967.0,181556.285,182778.76,428100,269515,167988
2021,Innaarsuit,57769.0,170050.0,281876.14,15587.0,378916,251649,135951
2021,Kangaamiut,,,,64496.45,314476,215574,134425
2021,Kangaatsiaq,,,,46859.31,312657,214596,127976
2021,Kangerluk,,,,154900.0,..,132320,106481
2021,Kangersuatsiaq,,85650.5,73346.935,28962.510000000002,243630,162605,108589
2021,Kapisillit,,,,93863.5,285444,166456,140014
2021,Kitsissuarsuit,,,,116176.625,313713,198309,127785
2021,Kullorsuaq,32886.0,99081.0,150575.5,10255.5,262029,170843,105123
2021,Kulusuk,,,,27940.5,282241,182122,120382
2021,Maniitsoq,,,,265801.6,410420,252611,167924
2021,Naajaat,25434.0,,173943.05,,258980,189449,112191
2021,Nanortalik,,287.0,,25268.705,322451,195335,141532
2021,Narsaq,,,,88133.39,342170,215163,142466
2021,Niaqornaarsuk,,,,74957.51999999999,286777,173852,109960
2021,Niaqornat,,162453.5,158430.75,13111.75,315773,201684,140251
2021,Nutaarmiut,76086.0,231771.0,166834.45,,311926,260817,192672
2021,Nuuk,,1861.5,265726.5,77072.0,529244,321415,214390
2021,Oqaatsut,,,,130562.73,..,201782,151406
2021,Paamiut,,,,109159.69,378424,213126,140786
2021,Qaanaaq,21893.0,,,,295118,181859,125790
2021,Qaarsut,,131401.0,257931.25,128608.5,338599,242195,128779
2021,Qaqortoq,,,,30924.405,400452,237840,161740
2021,Qasigiannguit,,,,65816.5,356058,242452,157819
2021,Qassimiut,,,,106508.195,..,169716,93886
2021,Qeqertaq,37747.38,,266949.0,133442.3,271610,199587,150866
2021,Qeqertarsuaq,,,104977.5,56114.18,...,...,...
2021,Qeqertarsuatsiaat,,,,247181.0,367790,232384,153009
2021,Qeqertat,34075.75,,,,289903,169367,83270
2021,Saattut,105850.125,182909.5,182062.69,41881.25,388409,277020,161653
2021,Saqqaq,,,293118.13,75756.0,284587,205363,145944
2021,Sarfannguit,,,,94906.075,333081,239533,172178
2021,Sermiligaaq,,,,116773.75,282167,168430,79660
2021,Siorapaluk,7073.875,,,,253340,190809,151016
2021,Sisimiut,,,,41476.51,435329,274598,181370
2021,Tasiilaq,,,,32917.75,364858,217060,157210
2021,Ukkusissat,26280.629999999997,196677.065,335770.25,61989.75,335906,232507,147203
2021,Upernavik,23931.0,102272.0,183217.60499999998,52928.0,358848,233551,142946
2021,Upernavik Kujalleq,25236.0,52546.0,166172.0,23634.0,246041,164404,103993
2021,Uummannaq,127075.0,212116.13,312187.0,124543.875,381527,239010,153309
2022,Aasiaat,,,45864.5,43123.625,361907,219428,154391
2022,Akunnaaq,119624.125,172879.5,153735.875,83116.0,344064,192902,138483
2022,Arsuk,,,,285598.5,374110,197726,142291
2022,Atammik,,,,83722.25,312607,209189,121173
2022,Attu,,,,118175.5,263319,174104,100947
2022,Iginniarfik,,,94394.76,36976.880000000005,301093,186737,104147
2022,Ikamiut,64977.32,143018.35,115709.81,,315650,225538,128990
2022,Ikerasak,115475.0,267823.9,258900.2,34352.51,322601,215479,121066
2022,Ilimanaq,,,398321.38,186582.505,307893,198296,148977
2022,Ilulissat,,,319723.31,221487.74,452724,277735,176766
2022,Innaarsuit,76325.0,205227.0,204601.44,107174.0,408523,250730,153368
2022,Kangaamiut,,,,57666.75,369722,242014,136442
2022,Kangaatsiaq,,,,98814.5,343141,224461,133380
2022,Kangerluk,,,,130577.875,..,167289,..
2022,Kangerlussuaq,61734.25,,,,495115,337974,244930
2022,Kangersuatsiaq,,131639.0,146863.0,32536.0,252785,170584,101714
2022,Kitsissuarsuit,,,,75851.745,310775,207659,140938
2022,Kullorsuaq,25574.0,127600.75,97530.0,24986.0,260760,177893,113178
2022,Kulusuk,,,,28227.25,302729,195080,123923
2022,Maniitsoq,,,,197538.0,430329,262478,175632
2022,Naajaat,,56623.5,323534.0,,227901,176019,111167
2022,Nanortalik,,,,9530.865,342909,208495,151700
2022,Narsaq,,,,82457.19,351574,211334,143682
2022,Niaqornaarsuk,,,,86032.37,302417,182163,124969
2022,Niaqornat,,,203901.77,278555.0,391517,237010,152733
2022,Nutaarmiut,4134.0,237148.0,171415.0,,380648,279472,134935
2022,Nuuk,,428677.76,3060962.38,141064.05,540546,330322,223223
2022,Oqaatsut,,,,164805.675,372872,236343,172629
2022,Paamiut,,,,199148.29,366345,217263,151080
2022,Qaanaaq,5255.25,,,,297804,181493,124999
2022,Qaarsut,,98799.25,206998.38,56665.375,346027,244883,135310
2022,Qaqortoq,,,,39322.25,412264,242166,165607
2022,Qasigiannguit,,121926.75,,55790.705,374680,245974,153860
2022,Qassimiut,,,,377567.01,..,186412,110134
2022,Qeqertaq,,186278.75,265662.02,124719.5,277262,211241,151822
2022,Qeqertarsuaq,,48099.84,,41641.25,...,...,...
2022,Qeqertarsuatsiaat,,,,265916.75,391217,248916,163044
2022,Qeqertat,56466.75,,,,..,150803,87196
2022,Saattut,46686.04,206858.17,191739.2,23690.52,378121,255211,156537
2022,Saqqaq,55271.25,101022.38,91606.86,119857.70999999999,313733,212581,137816
2022,Sarfannguit,,,,224967.455,345154,246273,147392
2022,Savissivik,1695.75,,,,234619,147935,104592
2022,Sermiligaaq,,,,54987.5,263031,169766,96974
2022,Siorapaluk,7102.25,,,,254305,160671,110253
2022,Sisimiut,,,,1239.25,459682,286506,188747
2022,Tasiilaq,,,,11403.0,386025,224478,163559
2022,Ukkusissat,24078.38,187941.57,342391.75,,372054,260363,138202
2022,Upernavik,19562.5,148473.0,142270.0,58344.5,378351,245442,156976
2022,Upernavik Kujalleq,10455.0,75962.5,141065.5,61105.0,273308,178665,105712
2022,Uummannaq,,159086.0,200800.5,84290.01,389134,243085,163846
