seasonal_year,landing_date,amount_in_kg,seasonal_day,cumulative
2012,2012-10-15,396.5,75,396.5
2012,2012-11-30,146.0,121,542.5
2012,2012-12-01,204.9,122,747.4
2012,2012-12-02,49.0,123,796.4
2012,2012-12-05,143.8,126,940.2
2012,2012-12-13,98.0,134,1038.2
2012,2012-12-17,120.0,138,1158.2
2012,2012-12-20,69.0,141,1227.2
2012,2012-12-28,314.9,149,1542.1
2012,2013-01-02,87.3,154,1629.4
2012,2013-01-04,457.5,156,2086.9
2012,2013-01-06,77.0,158,2163.9
2012,2013-01-07,5289.8,159,7453.700000000001
2012,2013-01-08,1595.1,160,9048.8
2012,2013-01-09,371.1,161,9419.9
2012,2013-01-10,2048.5,162,11468.4
2012,2013-01-11,1245.5,163,12713.9
2012,2013-01-14,9957.5,166,22671.4
2012,2013-01-15,6129.0,167,28800.4
2012,2013-01-16,7971.0,168,36771.4
2012,2013-01-17,12356.1,169,49127.5
2012,2013-01-18,7914.5,170,57042.0
2012,2013-01-19,70.0,171,57112.0
2012,2013-01-20,1996.5,172,59108.5
2012,2013-01-21,19078.0,173,78186.5
2012,2013-01-22,4269.0,174,82455.5
2012,2013-01-23,7843.0,175,90298.5
2012,2013-01-24,14900.0,176,105198.5
2012,2013-01-25,7539.5,177,112738.0
2012,2013-01-27,6261.0,179,118999.0
2012,2013-01-28,28299.7,180,147298.7
2012,2013-01-29,8997.0,181,156295.7
2012,2013-01-30,7257.5,182,163553.2
2012,2013-01-31,14979.0,183,178532.2
2012,2013-02-01,10790.0,184,189322.2
2012,2013-02-02,4300.0,185,193622.2
2012,2013-02-03,340.0,186,193962.2
2012,2013-02-04,32801.1,187,226763.3
2012,2013-02-05,7606.1,188,234369.4
2012,2013-02-06,11975.4,189,246344.8
2012,2013-02-07,16347.5,190,262692.3
2012,2013-02-08,14109.0,191,276801.3
2012,2013-02-10,2920.0,193,279721.3
2012,2013-02-11,35250.3,194,314971.6
2012,2013-02-12,10416.9,195,325388.5
2012,2013-02-13,8266.5,196,333655.0
2012,2013-02-14,18322.0,197,351977.0
2012,2013-02-15,20338.9,198,372315.9
2012,2013-02-17,6096.0,200,378411.9
2012,2013-02-18,46723.3,201,425135.2
2012,2013-02-19,10962.5,202,436097.7
2012,2013-02-20,19428.5,203,455526.2
2012,2013-02-21,21004.5,204,476530.7
2012,2013-02-22,15235.5,205,491766.2
2012,2013-02-23,51.0,206,491817.2
2012,2013-02-24,4190.0,207,496007.2
2012,2013-02-25,40152.0,208,536159.2
2012,2013-02-26,17668.36,209,553827.56
2012,2013-02-27,16903.08,210,570730.64
2012,2013-02-28,23178.0,211,593908.64
2012,2013-03-01,17438.5,212,611347.14
2012,2013-03-02,222.0,213,611569.14
2012,2013-03-03,6045.9,214,617615.04
2012,2013-03-04,42953.5,215,660568.54
2012,2013-03-05,14412.2,216,674980.74
2012,2013-03-06,20770.2,217,695750.9400000001
2012,2013-03-07,24681.9,218,720432.84
2012,2013-03-08,18979.0,219,739411.84
2012,2013-03-09,150.0,220,739561.84
2012,2013-03-10,7784.0,221,747345.84
2012,2013-03-11,47347.7,222,794693.54
2012,2013-03-12,15929.53,223,810623.0700000001
2012,2013-03-13,15071.71,224,825694.78
2012,2013-03-14,27694.9,225,853389.68
2012,2013-03-15,20336.0,226,873725.68
2012,2013-03-16,519.0,227,874244.68
2012,2013-03-17,6059.5,228,880304.18
2012,2013-03-18,41817.5,229,922121.68
2012,2013-03-19,3029.5,230,925151.18
2012,2013-03-20,10149.0,231,935300.18
2012,2013-03-21,5045.0,232,940345.18
2012,2013-03-22,10232.5,233,950577.68
2012,2013-03-24,3470.0,235,954047.68
2012,2013-03-25,33217.5,236,987265.18
2012,2013-03-26,22097.5,237,1009362.68
2012,2013-03-27,16890.0,238,1026252.68
2012,2013-03-30,6444.0,241,1032696.68
2012,2013-04-01,4951.5,243,1037648.18
2012,2013-04-02,18750.5,244,1056398.68
2012,2013-04-03,7630.5,245,1064029.18
2012,2013-04-04,9224.5,246,1073253.68
2012,2013-04-05,11304.0,247,1084557.68
2012,2013-04-07,1363.5,249,1085921.18
2012,2013-04-08,19077.0,250,1104998.18
2012,2013-04-09,6876.0,251,1111874.18
2012,2013-04-10,12193.5,252,1124067.68
2012,2013-04-11,15462.5,253,1139530.18
2012,2013-04-12,22576.9,254,1162107.08
2012,2013-04-14,4144.5,256,1166251.58
2012,2013-04-15,29663.5,257,1195915.08
2012,2013-04-16,12965.0,258,1208880.08
2012,2013-04-17,16257.0,259,1225137.08
2012,2013-04-18,20296.2,260,1245433.28
2012,2013-04-19,17343.5,261,1262776.78
2012,2013-04-21,1372.4,263,1264149.18
2012,2013-04-22,18808.0,264,1282957.18
2012,2013-04-23,8551.5,265,1291508.68
2012,2013-04-24,15327.0,266,1306835.68
2012,2013-04-25,17574.5,267,1324410.18
2012,2013-04-27,2999.0,269,1327409.18
2012,2013-04-28,304.5,270,1327713.68
2012,2013-04-29,17042.5,271,1344756.18
2012,2013-04-30,6132.5,272,1350888.68
2012,2013-05-01,970.5,273,1351859.18
2012,2013-05-02,4492.0,274,1356351.18
2012,2013-05-03,2114.5,275,1358465.68
2012,2013-05-05,886.0,277,1359351.68
2012,2013-05-06,10600.0,278,1369951.68
2012,2013-05-07,11531.5,279,1381483.18
2012,2013-05-08,7676.5,280,1389159.68
2012,2013-05-10,17006.0,282,1406165.68
2012,2013-05-13,23863.5,285,1430029.18
2012,2013-05-14,5195.5,286,1435224.68
2012,2013-05-15,9621.0,287,1444845.68
2012,2013-05-16,13200.0,288,1458045.68
2012,2013-05-17,12327.0,289,1470372.68
2012,2013-05-20,589.5,292,1470962.18
2012,2013-05-21,16043.5,293,1487005.68
2012,2013-05-22,4802.5,294,1491808.18
2012,2013-05-23,4272.0,295,1496080.18
2012,2013-05-24,3970.0,296,1500050.18
2012,2013-05-25,339.0,297,1500389.18
2012,2013-05-26,1771.5,298,1502160.68
2012,2013-05-27,30470.5,299,1532631.18
2012,2013-05-28,4013.5,300,1536644.68
2012,2013-05-29,127.0,301,1536771.68
2012,2013-05-30,1079.5,302,1537851.18
2012,2013-05-31,843.0,303,1538694.18
2012,2013-06-02,503.5,305,1539197.68
2012,2013-06-03,9008.0,306,1548205.68
2012,2013-06-04,1326.5,307,1549532.18
2012,2013-06-05,987.0,308,1550519.18
2012,2013-06-06,1001.0,309,1551520.18
2012,2013-06-07,1203.0,310,1552723.18
2012,2013-06-10,3332.7,313,1556055.8800000001
2012,2013-06-11,591.0,314,1556646.8800000001
2012,2013-06-12,670.0,315,1557316.8800000001
2012,2013-06-19,821.0,322,1558137.8800000001
2012,2013-06-20,779.0,323,1558916.8800000001
2012,2013-07-02,8614.0,335,1567530.8800000001
2012,2013-07-03,3950.0,336,1571480.8800000001
2013,2013-11-01,117.1,92,117.1
2013,2013-11-06,105.8,97,222.89999999999998
2013,2013-11-26,38.3,117,261.2
2013,2013-12-04,152.0,125,413.2
2013,2013-12-08,508.0,129,921.2
2013,2013-12-09,64.0,130,985.2
2013,2013-12-11,137.0,132,1122.2
2013,2013-12-12,890.0,133,2012.2
2013,2013-12-13,171.0,134,2183.2
2013,2013-12-15,670.0,136,2853.2
2013,2013-12-16,4391.0,137,7244.2
2013,2013-12-17,2209.0,138,9453.2
2013,2013-12-18,2108.0,139,11561.2
2013,2013-12-19,2091.0,140,13652.2
2013,2013-12-20,3102.4,141,16754.6
2013,2013-12-22,1318.0,143,18072.6
2013,2013-12-23,5512.0,144,23584.6
2013,2013-12-27,123.0,148,23707.6
2013,2013-12-29,371.0,150,24078.6
2013,2013-12-30,4971.5,151,29050.1
2013,2014-01-02,543.0,154,29593.1
2013,2014-01-03,1851.0,155,31444.1
2013,2014-01-05,724.0,157,32168.1
2013,2014-01-06,6146.5,158,38314.6
2013,2014-01-07,4158.0,159,42472.6
2013,2014-01-08,4054.0,160,46526.6
2013,2014-01-09,742.0,161,47268.6
2013,2014-01-10,263.0,162,47531.6
2013,2014-01-12,345.0,164,47876.6
2013,2014-01-13,4988.0,165,52864.6
2013,2014-01-14,1671.0,166,54535.6
2013,2014-01-15,4293.0,167,58828.6
2013,2014-01-16,7731.5,168,66560.1
2013,2014-01-17,4044.0,169,70604.1
2013,2014-01-19,372.0,171,70976.1
2013,2014-01-20,13178.0,172,84154.1
2013,2014-01-21,5448.0,173,89602.1
2013,2014-01-22,6598.0,174,96200.1
2013,2014-01-23,8610.0,175,104810.1
2013,2014-01-24,6253.5,176,111063.6
2013,2014-01-26,668.0,178,111731.6
2013,2014-01-27,20426.5,179,132158.1
2013,2014-01-28,6073.5,180,138231.6
2013,2014-01-29,7287.5,181,145519.1
2013,2014-01-30,10570.5,182,156089.6
2013,2014-01-31,5366.0,183,161455.6
2013,2014-02-02,2486.5,185,163942.1
2013,2014-02-03,16189.0,186,180131.1
2013,2014-02-04,5161.0,187,185292.1
2013,2014-02-05,7952.5,188,193244.6
2013,2014-02-06,14469.5,189,207714.1
2013,2014-02-07,9564.0,190,217278.1
2013,2014-02-09,2832.5,192,220110.6
2013,2014-02-10,26864.0,193,246974.6
2013,2014-02-11,9157.5,194,256132.1
2013,2014-02-12,11224.0,195,267356.1
2013,2014-02-13,17200.5,196,284556.6
2013,2014-02-14,12163.5,197,296720.1
2013,2014-02-16,2249.5,199,298969.6
2013,2014-02-17,32850.0,200,331819.6
2013,2014-02-18,11294.0,201,343113.6
2013,2014-02-19,13089.5,202,356203.1
2013,2014-02-20,20417.0,203,376620.1
2013,2014-02-21,19377.5,204,395997.6
2013,2014-02-22,243.0,205,396240.6
2013,2014-02-23,4087.0,206,400327.6
2013,2014-02-24,37929.0,207,438256.6
2013,2014-02-25,12325.5,208,450582.1
2013,2014-02-26,15412.5,209,465994.6
2013,2014-02-27,21972.0,210,487966.6
2013,2014-02-28,17996.5,211,505963.1
2013,2014-03-02,7981.0,213,513944.1
2013,2014-03-03,44215.78,214,558159.88
2013,2014-03-04,11653.5,215,569813.38
2013,2014-03-05,18826.5,216,588639.88
2013,2014-03-06,27359.2,217,615999.08
2013,2014-03-07,20949.5,218,636948.58
2013,2014-03-08,315.5,219,637264.08
2013,2014-03-09,9524.0,220,646788.08
2013,2014-03-10,47020.5,221,693808.58
2013,2014-03-11,16213.0,222,710021.58
2013,2014-03-12,20413.0,223,730434.58
2013,2014-03-13,25706.0,224,756140.58
2013,2014-03-14,20733.0,225,776873.58
2013,2014-03-16,6643.0,227,783516.58
2013,2014-03-17,40525.0,228,824041.58
2013,2014-03-18,23015.5,229,847057.08
2013,2014-03-19,27969.0,230,875026.08
2013,2014-03-20,11730.0,231,886756.08
2013,2014-03-21,5785.5,232,892541.58
2013,2014-03-23,9369.5,234,901911.08
2013,2014-03-24,48836.34,235,950747.42
2013,2014-03-25,16798.32,236,967545.74
2013,2014-03-26,22174.0,237,989719.74
2013,2014-03-27,25891.5,238,1015611.24
2013,2014-03-28,21887.5,239,1037498.74
2013,2014-03-29,221.0,240,1037719.74
2013,2014-03-30,2405.0,241,1040124.74
2013,2014-03-31,24947.9,242,1065072.64
2013,2014-04-01,16902.0,243,1081974.64
2013,2014-04-02,13479.5,244,1095454.14
2013,2014-04-03,19830.5,245,1115284.64
2013,2014-04-04,13993.0,246,1129277.64
2013,2014-04-05,278.0,247,1129555.64
2013,2014-04-06,6204.5,248,1135760.14
2013,2014-04-07,33818.0,249,1169578.14
2013,2014-04-08,16234.5,250,1185812.64
2013,2014-04-09,19905.0,251,1205717.64
2013,2014-04-10,30227.5,252,1235945.14
2013,2014-04-11,21337.5,253,1257282.64
2013,2014-04-13,8843.5,255,1266126.14
2013,2014-04-14,32785.5,256,1298911.64
2013,2014-04-15,16633.0,257,1315544.64
2013,2014-04-16,14714.0,258,1330258.64
2013,2014-04-17,64.0,259,1330322.64
2013,2014-04-19,3002.5,261,1333325.14
2013,2014-04-22,30319.0,264,1363644.14
2013,2014-04-23,10066.0,265,1373710.14
2013,2014-04-24,21028.5,266,1394738.64
2013,2014-04-25,30005.5,267,1424744.14
2013,2014-04-26,27.0,268,1424771.14
2013,2014-04-27,6339.0,269,1431110.14
2013,2014-04-28,27979.5,270,1459089.64
2013,2014-04-29,10051.5,271,1469141.14
2013,2014-04-30,8070.5,272,1477211.64
2013,2014-05-01,6143.0,273,1483354.64
2013,2014-05-02,21494.0,274,1504848.64
2013,2014-05-04,4842.0,276,1509690.64
2013,2014-05-05,15317.5,277,1525008.14
2013,2014-05-06,14975.0,278,1539983.14
2013,2014-05-07,8213.0,279,1548196.14
2013,2014-05-08,21516.0,280,1569712.14
2013,2014-05-09,1482.0,281,1571194.14
2013,2014-05-12,12889.5,284,1584083.64
2013,2014-05-13,2750.0,285,1586833.64
2013,2014-05-14,4327.0,286,1591160.64
2013,2014-05-15,7557.0,287,1598717.64
2013,2014-05-19,4499.0,291,1603216.64
2013,2014-05-21,1412.5,293,1604629.14
2013,2014-05-22,1732.0,294,1606361.14
2013,2014-05-23,1246.0,295,1607607.14
2013,2014-05-26,1858.0,298,1609465.14
2013,2014-05-28,1409.0,300,1610874.14
2013,2014-05-30,2334.0,302,1613208.14
2013,2014-06-02,1729.0,305,1614937.14
2013,2014-06-03,26.0,306,1614963.14
2013,2014-06-04,86.0,307,1615049.14
2013,2014-06-05,1710.0,308,1616759.14
2013,2014-06-06,688.0,309,1617447.14
2013,2014-06-11,442.0,314,1617889.14
2013,2014-06-12,1391.0,315,1619280.14
2013,2014-06-13,170.0,316,1619450.14
2013,2014-06-16,150.0,319,1619600.14
2013,2014-06-19,563.0,322,1620163.14
2013,2014-06-20,345.0,323,1620508.14
2013,2014-06-23,175.0,326,1620683.14
2013,2014-06-26,58.0,329,1620741.14
2013,2014-06-30,71.0,333,1620812.14
2014,2014-09-07,265.0,37,265.0
2014,2014-09-25,502.0,55,767.0
2014,2014-11-02,69.0,93,836.0
2014,2014-11-06,97.0,97,933.0
2014,2014-11-10,158.0,101,1091.0
2014,2014-11-11,72.0,102,1163.0
2014,2014-11-13,114.0,104,1277.0
2014,2014-11-14,38.0,105,1315.0
2014,2014-11-16,44.0,107,1359.0
2014,2014-11-17,33.0,108,1392.0
2014,2014-11-20,61.0,111,1453.0
2014,2014-11-24,100.0,115,1553.0
2014,2014-12-05,107.0,126,1660.0
2014,2014-12-08,320.0,129,1980.0
2014,2014-12-10,156.0,131,2136.0
2014,2014-12-15,656.0,136,2792.0
2014,2014-12-16,535.0,137,3327.0
2014,2014-12-17,35.0,138,3362.0
2014,2014-12-18,884.0,139,4246.0
2014,2014-12-19,246.0,140,4492.0
2014,2014-12-22,2539.0,143,7031.0
2014,2014-12-29,1744.0,150,8775.0
2014,2015-01-05,2672.0,157,11447.0
2014,2015-01-06,287.0,158,11734.0
2014,2015-01-07,634.0,159,12368.0
2014,2015-01-08,1800.0,160,14168.0
2014,2015-01-09,1773.0,161,15941.0
2014,2015-01-11,1833.0,163,17774.0
2014,2015-01-12,14320.0,164,32094.0
2014,2015-01-13,3575.5,165,35669.5
2014,2015-01-14,4896.0,166,40565.5
2014,2015-01-15,7983.0,167,48548.5
2014,2015-01-16,7034.0,168,55582.5
2014,2015-01-18,109.5,170,55692.0
2014,2015-01-19,10986.5,171,66678.5
2014,2015-01-20,709.0,172,67387.5
2014,2015-01-21,3958.5,173,71346.0
2014,2015-01-22,13599.5,174,84945.5
2014,2015-01-23,4521.5,175,89467.0
2014,2015-01-25,1665.0,177,91132.0
2014,2015-01-26,22174.5,178,113306.5
2014,2015-01-27,4570.0,179,117876.5
2014,2015-01-28,9857.0,180,127733.5
2014,2015-01-29,15245.5,181,142979.0
2014,2015-01-30,10354.5,182,153333.5
2014,2015-02-01,1948.5,184,155282.0
2014,2015-02-02,38075.0,185,193357.0
2014,2015-02-03,5416.0,186,198773.0
2014,2015-02-04,2073.0,187,200846.0
2014,2015-02-05,11913.0,188,212759.0
2014,2015-02-06,15123.5,189,227882.5
2014,2015-02-08,5402.5,191,233285.0
2014,2015-02-09,37879.84,192,271164.83999999997
2014,2015-02-10,13501.03,193,284665.87
2014,2015-02-11,16128.5,194,300794.37
2014,2015-02-12,27100.72,195,327895.08999999997
2014,2015-02-13,20280.0,196,348175.08999999997
2014,2015-02-15,12032.5,198,360207.58999999997
2014,2015-02-16,38900.2,199,399107.79
2014,2015-02-17,13067.35,200,412175.14
2014,2015-02-18,19396.21,201,431571.35
2014,2015-02-19,40733.39,202,472304.74
2014,2015-02-20,31827.43,203,504132.17
2014,2015-02-21,299.0,204,504431.17
2014,2015-02-22,22459.0,205,526890.17
2014,2015-02-23,57812.63,206,584702.8
2014,2015-02-24,25407.94,207,610110.74
2014,2015-02-25,21682.93,208,631793.67
2014,2015-02-26,40901.06,209,672694.73
2014,2015-02-27,26660.43,210,699355.16
2014,2015-02-28,608.5,211,699963.66
2014,2015-03-01,24073.0,212,724036.66
2014,2015-03-02,63006.87,213,787043.53
2014,2015-03-03,23408.43,214,810451.96
2014,2015-03-04,38699.7,215,849151.66
2014,2015-03-05,40751.51,216,889903.1699999999
2014,2015-03-06,28535.67,217,918438.84
2014,2015-03-07,2455.0,218,920893.84
2014,2015-03-08,25914.0,219,946807.84
2014,2015-03-09,67567.41,220,1014375.25
2014,2015-03-10,28864.86,221,1043240.11
2014,2015-03-11,35636.0,222,1078876.1099999999
2014,2015-03-12,49344.9,223,1128221.01
2014,2015-03-13,30221.15,224,1158442.16
2014,2015-03-14,1178.0,225,1159620.16
2014,2015-03-15,16755.0,226,1176375.16
2014,2015-03-16,63860.05,227,1240235.21
2014,2015-03-17,23937.57,228,1264172.78
2014,2015-03-18,35057.72,229,1299230.5
2014,2015-03-19,48692.24,230,1347922.74
2014,2015-03-20,30963.77,231,1378886.51
2014,2015-03-21,958.5,232,1379845.01
2014,2015-03-22,24542.0,233,1404387.01
2014,2015-03-23,66207.59,234,1470594.6
2014,2015-03-24,15170.5,235,1485765.1
2014,2015-03-25,25075.0,236,1510840.1
2014,2015-03-26,40510.2,237,1551350.3
2014,2015-03-27,25793.73,238,1577144.03
2014,2015-03-28,1986.0,239,1579130.03
2014,2015-03-29,20398.0,240,1599528.03
2014,2015-03-30,56388.0,241,1655916.03
2014,2015-03-31,30176.5,242,1686092.53
2014,2015-04-01,19370.02,243,1705462.55
2014,2015-04-03,1215.0,245,1706677.55
2014,2015-04-04,23820.5,246,1730498.05
2014,2015-04-06,14966.0,248,1745464.05
2014,2015-04-07,33127.5,249,1778591.55
2014,2015-04-08,22676.0,250,1801267.55
2014,2015-04-09,30262.5,251,1831530.05
2014,2015-04-10,28200.0,252,1859730.05
2014,2015-04-11,337.5,253,1860067.55
2014,2015-04-12,22637.5,254,1882705.05
2014,2015-04-13,40762.5,255,1923467.55
2014,2015-04-14,17599.5,256,1941067.05
2014,2015-04-15,17935.0,257,1959002.05
2014,2015-04-16,37071.5,258,1996073.55
2014,2015-04-17,26591.0,259,2022664.55
2014,2015-04-18,2595.5,260,2025260.05
2014,2015-04-19,15397.5,261,2040657.55
2014,2015-04-20,43353.5,262,2084011.05
2014,2015-04-21,11386.4,263,2095397.45
2014,2015-04-22,27285.86,264,2122683.31
2014,2015-04-23,36875.5,265,2159558.81
2014,2015-04-24,22305.66,266,2181864.47
2014,2015-04-25,3874.0,267,2185738.47
2014,2015-04-26,11641.5,268,2197379.97
2014,2015-04-27,29797.0,269,2227176.97
2014,2015-04-28,12529.21,270,2239706.18
2014,2015-04-29,10238.0,271,2249944.18
2014,2015-04-30,27633.5,272,2277577.68
2014,2015-05-01,457.0,273,2278034.68
2014,2015-05-02,1714.0,274,2279748.68
2014,2015-05-03,13910.0,275,2293658.68
2014,2015-05-04,40904.4,276,2334563.08
2014,2015-05-05,17001.0,277,2351564.08
2014,2015-05-06,8452.5,278,2360016.58
2014,2015-05-07,12168.2,279,2372184.78
2014,2015-05-08,8386.5,280,2380571.28
2014,2015-05-09,583.0,281,2381154.28
2014,2015-05-10,4265.0,282,2385419.28
2014,2015-05-11,16812.5,283,2402231.78
2014,2015-05-12,10910.0,284,2413141.78
2014,2015-05-13,4784.0,285,2417925.78
2014,2015-05-15,8447.0,287,2426372.78
2014,2015-05-17,5314.0,289,2431686.78
2014,2015-05-18,14465.0,290,2446151.78
2014,2015-05-19,2606.0,291,2448757.78
2014,2015-05-20,3947.0,292,2452704.78
2014,2015-05-21,11431.5,293,2464136.28
2014,2015-05-22,6954.5,294,2471090.78
2014,2015-05-23,207.0,295,2471297.78
2014,2015-05-24,205.0,296,2471502.78
2014,2015-05-25,1182.0,297,2472684.78
2014,2015-05-26,3743.5,298,2476428.28
2014,2015-05-27,3304.0,299,2479732.28
2014,2015-05-28,5968.5,300,2485700.78
2014,2015-05-29,3782.5,301,2489483.28
2014,2015-05-31,1571.5,303,2491054.78
2014,2015-06-01,4857.0,304,2495911.78
2014,2015-06-02,3599.0,305,2499510.78
2014,2015-06-03,3655.5,306,2503166.28
2014,2015-06-04,5493.0,307,2508659.28
2014,2015-06-05,6430.0,308,2515089.28
2014,2015-06-08,3372.5,311,2518461.78
2014,2015-07-15,300.0,348,2518761.78
2015,2015-11-13,212.0,104,212.0
2015,2015-11-17,220.0,108,432.0
2015,2015-11-19,62.0,110,494.0
2015,2015-11-22,100.0,113,594.0
2015,2015-12-01,293.0,122,887.0
2015,2015-12-02,49.0,123,936.0
2015,2015-12-03,135.0,124,1071.0
2015,2015-12-07,980.0,128,2051.0
2015,2015-12-09,263.0,130,2314.0
2015,2015-12-10,107.0,131,2421.0
2015,2015-12-11,203.0,132,2624.0
2015,2015-12-13,245.5,134,2869.5
2015,2015-12-14,6327.5,135,9197.0
2015,2015-12-15,392.0,136,9589.0
2015,2015-12-16,1459.0,137,11048.0
2015,2015-12-17,9204.5,138,20252.5
2015,2015-12-18,10609.0,139,30861.5
2015,2015-12-19,2595.0,140,33456.5
2015,2015-12-20,6994.0,141,40450.5
2015,2015-12-21,18825.0,142,59275.5
2015,2015-12-22,1098.5,143,60374.0
2015,2015-12-23,1694.5,144,62068.5
2015,2015-12-27,2945.0,148,65013.5
2015,2015-12-28,7507.5,149,72521.0
2015,2015-12-29,3501.0,150,76022.0
2015,2015-12-30,1959.0,151,77981.0
2015,2016-01-03,330.0,155,78311.0
2015,2016-01-04,28171.5,156,106482.5
2015,2016-01-05,13720.5,157,120203.0
2015,2016-01-06,6093.5,158,126296.5
2015,2016-01-07,22509.5,159,148806.0
2015,2016-01-08,15388.0,160,164194.0
2015,2016-01-10,14646.0,162,178840.0
2015,2016-01-11,50630.5,163,229470.5
2015,2016-01-12,15266.5,164,244737.0
2015,2016-01-13,15409.5,165,260146.5
2015,2016-01-14,28069.5,166,288216.0
2015,2016-01-15,18823.0,167,307039.0
2015,2016-01-16,1744.0,168,308783.0
2015,2016-01-17,17408.5,169,326191.5
2015,2016-01-18,41655.5,170,367847.0
2015,2016-01-19,21431.0,171,389278.0
2015,2016-01-20,23008.5,172,412286.5
2015,2016-01-21,25085.0,173,437371.5
2015,2016-01-22,13596.5,174,450968.0
2015,2016-01-23,1153.0,175,452121.0
2015,2016-01-24,11064.5,176,463185.5
2015,2016-01-25,40119.0,177,503304.5
2015,2016-01-26,9886.0,178,513190.5
2015,2016-01-27,23442.5,179,536633.0
2015,2016-01-28,27236.0,180,563869.0
2015,2016-01-29,22874.5,181,586743.5
2015,2016-01-30,2145.0,182,588888.5
2015,2016-01-31,21773.5,183,610662.0
2015,2016-02-01,39553.0,184,650215.0
2015,2016-02-02,21043.5,185,671258.5
2015,2016-02-03,23758.0,186,695016.5
2015,2016-02-04,31926.8,187,726943.3
2015,2016-02-05,23589.5,188,750532.8
2015,2016-02-06,932.0,189,751464.8
2015,2016-02-07,12313.5,190,763778.3
2015,2016-02-08,40022.5,191,803800.8
2015,2016-02-09,19078.5,192,822879.3
2015,2016-02-10,19760.5,193,842639.8
2015,2016-02-11,41679.5,194,884319.3
2015,2016-02-12,17885.5,195,902204.8
2015,2016-02-13,1106.0,196,903310.8
2015,2016-02-14,14002.0,197,917312.8
2015,2016-02-15,42186.0,198,959498.8
2015,2016-02-16,19687.5,199,979186.3
2015,2016-02-17,24592.0,200,1003778.3
2015,2016-02-18,27986.0,201,1031764.3
2015,2016-02-19,24634.0,202,1056398.3
2015,2016-02-20,3145.0,203,1059543.3
2015,2016-02-21,14000.5,204,1073543.8
2015,2016-02-22,34639.5,205,1108183.3
2015,2016-02-23,20999.5,206,1129182.8
2015,2016-02-24,28032.5,207,1157215.3
2015,2016-02-25,21156.0,208,1178371.3
2015,2016-02-26,29970.5,209,1208341.8
2015,2016-02-27,1089.0,210,1209430.8
2015,2016-02-28,16858.0,211,1226288.8
2015,2016-02-29,31239.0,212,1257527.8
2015,2016-03-01,23818.0,213,1281345.8
2015,2016-03-02,23531.0,214,1304876.8
2015,2016-03-03,24231.0,215,1329107.8
2015,2016-03-04,28078.0,216,1357185.8
2015,2016-03-06,9518.0,218,1366703.8
2015,2016-03-07,24113.5,219,1390817.3
2015,2016-03-08,19446.5,220,1410263.8
2015,2016-03-09,15904.0,221,1426167.8
2015,2016-03-10,34382.0,222,1460549.8
2015,2016-03-11,27274.0,223,1487823.8
2015,2016-03-13,11805.0,225,1499628.8
2015,2016-03-14,27921.0,226,1527549.8
2015,2016-03-15,18840.5,227,1546390.3
2015,2016-03-16,17315.5,228,1563705.8
2015,2016-03-17,21654.5,229,1585360.3
2015,2016-03-18,22390.0,230,1607750.3
2015,2016-03-19,7905.0,231,1615655.3
2015,2016-03-20,13565.0,232,1629220.3
2015,2016-03-21,37215.0,233,1666435.3
2015,2016-03-22,21011.0,234,1687446.3
2015,2016-03-23,15565.0,235,1703011.3
2015,2016-03-25,4619.0,237,1707630.3
2015,2016-03-26,17954.5,238,1725584.8
2015,2016-03-28,1375.0,240,1726959.8
2015,2016-03-29,28393.0,241,1755352.8
2015,2016-03-30,22416.0,242,1777768.8
2015,2016-03-31,18400.5,243,1796169.3
2015,2016-04-01,22377.5,244,1818546.8
2015,2016-04-02,386.0,245,1818932.8
2015,2016-04-03,4851.5,246,1823784.3
2015,2016-04-04,27815.5,247,1851599.8
2015,2016-04-05,12446.5,248,1864046.3
2015,2016-04-06,17072.0,249,1881118.3
2015,2016-04-07,21933.5,250,1903051.8
2015,2016-04-08,26432.5,251,1929484.3
2015,2016-04-10,14347.5,253,1943831.8
2015,2016-04-11,17174.5,254,1961006.3
2015,2016-04-12,9313.5,255,1970319.8
2015,2016-04-13,5543.0,256,1975862.8
2015,2016-04-14,5677.0,257,1981539.8
2015,2016-04-15,11866.0,258,1993405.8
2015,2016-04-16,1695.0,259,1995100.8
2015,2016-04-17,2060.0,260,1997160.8
2015,2016-04-18,13009.0,261,2010169.8
2015,2016-04-19,12161.5,262,2022331.3
2015,2016-04-20,15091.0,263,2037422.3
2015,2016-04-21,22598.5,264,2060020.8
2015,2016-04-22,336.0,265,2060356.8
2015,2016-04-23,1015.0,266,2061371.8
2015,2016-04-24,4004.0,267,2065375.8
2015,2016-04-25,14232.5,268,2079608.3
2015,2016-04-26,9217.0,269,2088825.3
2015,2016-04-27,9078.0,270,2097903.3
2015,2016-04-28,8580.0,271,2106483.3
2015,2016-04-29,11074.5,272,2117557.8
2015,2016-04-30,613.0,273,2118170.8
2015,2016-05-02,12111.5,275,2130282.3
2015,2016-05-03,919.0,276,2131201.3
2015,2016-05-04,1640.5,277,2132841.8
2015,2016-05-05,401.0,278,2133242.8
2015,2016-05-06,14521.5,279,2147764.3
2015,2016-05-08,2125.0,281,2149889.3
2015,2016-05-09,13246.0,282,2163135.3
2015,2016-05-10,1815.0,283,2164950.3
2015,2016-05-11,7435.0,284,2172385.3
2015,2016-05-12,1341.0,285,2173726.3
2015,2016-05-13,6361.5,286,2180087.8
2015,2016-05-14,333.0,287,2180420.8
2015,2016-05-15,130.0,288,2180550.8
2015,2016-05-23,2053.0,296,2182603.8
2015,2016-05-24,1267.0,297,2183870.8
2015,2016-05-25,272.0,298,2184142.8
2015,2016-05-26,84.0,299,2184226.8
2015,2016-05-27,436.0,300,2184662.8
2015,2016-05-30,597.0,303,2185259.8
2015,2016-06-02,335.0,306,2185594.8
2015,2016-06-03,899.0,307,2186493.8
2015,2016-06-06,699.0,310,2187192.8
2015,2016-06-07,209.0,311,2187401.8
2015,2016-06-08,549.0,312,2187950.8
2015,2016-06-09,1014.0,313,2188964.8
2015,2016-06-10,435.0,314,2189399.8
2015,2016-06-12,226.0,316,2189625.8
2015,2016-06-13,406.0,317,2190031.8
2015,2016-06-14,279.0,318,2190310.8
2015,2016-06-15,208.0,319,2190518.8
2015,2016-06-16,336.0,320,2190854.8
2015,2016-06-17,425.0,321,2191279.8
2015,2016-06-19,697.0,323,2191976.8
2015,2016-06-23,86.0,327,2192062.8
2015,2016-07-16,600.0,350,2192662.8
2016,2016-08-05,304.0,4,304.0
2016,2016-08-09,507.0,8,811.0
2016,2016-08-10,558.0,9,1369.0
2016,2016-08-24,547.0,23,1916.0
2016,2016-09-30,217.0,60,2133.0
2016,2016-10-26,118.0,86,2251.0
2016,2016-10-28,591.0,88,2842.0
2016,2016-10-30,678.0,90,3520.0
2016,2016-10-31,171.0,91,3691.0
2016,2016-11-02,162.0,93,3853.0
2016,2016-11-03,270.0,94,4123.0
2016,2016-11-08,285.0,99,4408.0
2016,2016-11-09,457.0,100,4865.0
2016,2016-11-10,502.0,101,5367.0
2016,2016-11-11,904.0,102,6271.0
2016,2016-11-13,273.0,104,6544.0
2016,2016-11-29,50.0,120,6594.0
2016,2016-12-01,543.0,122,7137.0
2016,2016-12-05,2641.5,126,9778.5
2016,2016-12-06,760.0,127,10538.5
2016,2016-12-07,1112.0,128,11650.5
2016,2016-12-08,3894.0,129,15544.5
2016,2016-12-09,3793.0,130,19337.5
2016,2016-12-11,280.0,132,19617.5
2016,2016-12-12,11377.5,133,30995.0
2016,2016-12-13,2192.5,134,33187.5
2016,2016-12-14,2910.0,135,36097.5
2016,2016-12-15,7678.5,136,43776.0
2016,2016-12-16,9266.0,137,53042.0
2016,2016-12-17,1255.5,138,54297.5
2016,2016-12-18,1520.5,139,55818.0
2016,2016-12-19,16887.0,140,72705.0
2016,2016-12-20,4999.0,141,77704.0
2016,2016-12-21,13752.5,142,91456.5
2016,2016-12-22,33.0,143,91489.5
2016,2016-12-27,2672.0,148,94161.5
2016,2016-12-28,5554.0,149,99715.5
2016,2016-12-29,13435.5,150,113151.0
2016,2016-12-30,1753.5,151,114904.5
2016,2017-01-02,2454.0,154,117358.5
2016,2017-01-03,2195.5,155,119554.0
2016,2017-01-04,8608.5,156,128162.5
2016,2017-01-05,8221.5,157,136384.0
2016,2017-01-06,5359.5,158,141743.5
2016,2017-01-08,8183.5,160,149927.0
2016,2017-01-09,26134.0,161,176061.0
2016,2017-01-10,15169.5,162,191230.5
2016,2017-01-11,21614.5,163,212845.0
2016,2017-01-12,22622.0,164,235467.0
2016,2017-01-13,23329.0,165,258796.0
2016,2017-01-15,11591.0,167,270387.0
2016,2017-01-16,27104.0,168,297491.0
2016,2017-01-17,20037.5,169,317528.5
2016,2017-01-18,9053.0,170,326581.5
2016,2017-01-19,5278.5,171,331860.0
2016,2017-01-20,7521.5,172,339381.5
2016,2017-01-22,4824.0,174,344205.5
2016,2017-01-23,33067.0,175,377272.5
2016,2017-01-24,16160.0,176,393432.5
2016,2017-01-25,18208.5,177,411641.0
2016,2017-01-26,19806.5,178,431447.5
2016,2017-01-27,28248.0,179,459695.5
2016,2017-01-28,1820.5,180,461516.0
2016,2017-01-29,9427.5,181,470943.5
2016,2017-01-30,53507.5,182,524451.0
2016,2017-01-31,26477.0,183,550928.0
2016,2017-02-01,24222.0,184,575150.0
2016,2017-02-02,23403.0,185,598553.0
2016,2017-02-03,23102.0,186,621655.0
2016,2017-02-04,5500.0,187,627155.0
2016,2017-02-05,7958.0,188,635113.0
2016,2017-02-06,35914.0,189,671027.0
2016,2017-02-07,15643.5,190,686670.5
2016,2017-02-08,20388.5,191,707059.0
2016,2017-02-09,34575.0,192,741634.0
2016,2017-02-10,28865.0,193,770499.0
2016,2017-02-11,5766.0,194,776265.0
2016,2017-02-12,15369.5,195,791634.5
2016,2017-02-13,44577.0,196,836211.5
2016,2017-02-14,15880.0,197,852091.5
2016,2017-02-15,19530.0,198,871621.5
2016,2017-02-16,20329.5,199,891951.0
2016,2017-02-17,21809.0,200,913760.0
2016,2017-02-18,6668.5,201,920428.5
2016,2017-02-19,15285.5,202,935714.0
2016,2017-02-20,38277.0,203,973991.0
2016,2017-02-21,27444.0,204,1001435.0
2016,2017-02-22,27787.8,205,1029222.8
2016,2017-02-23,23643.7,206,1052866.5
2016,2017-02-24,36729.5,207,1089596.0
2016,2017-02-25,3695.0,208,1093291.0
2016,2017-02-26,12595.0,209,1105886.0
2016,2017-02-27,43741.15,210,1149627.15
2016,2017-02-28,16112.5,211,1165739.65
2016,2017-03-01,20952.5,212,1186692.15
2016,2017-03-02,32401.0,213,1219093.15
2016,2017-03-03,34811.5,214,1253904.65
2016,2017-03-04,5285.0,215,1259189.65
2016,2017-03-05,14811.5,216,1274001.15
2016,2017-03-06,39199.2,217,1313200.35
2016,2017-03-07,32329.0,218,1345529.35
2016,2017-03-08,27285.5,219,1372814.85
2016,2017-03-09,23748.0,220,1396562.85
2016,2017-03-10,24190.5,221,1420753.35
2016,2017-03-11,6569.5,222,1427322.85
2016,2017-03-12,9320.5,223,1436643.35
2016,2017-03-13,36417.5,224,1473060.85
2016,2017-03-14,21569.0,225,1494629.85
2016,2017-03-15,27980.0,226,1522609.85
2016,2017-03-16,25995.0,227,1548604.85
2016,2017-03-17,32436.5,228,1581041.35
2016,2017-03-18,3467.0,229,1584508.35
2016,2017-03-19,9798.0,230,1594306.35
2016,2017-03-20,39111.5,231,1633417.85
2016,2017-03-21,19718.0,232,1653135.85
2016,2017-03-22,30199.5,233,1683335.35
2016,2017-03-23,27280.0,234,1710615.35
2016,2017-03-24,31185.0,235,1741800.35
2016,2017-03-25,9289.0,236,1751089.35
2016,2017-03-26,10816.0,237,1761905.35
2016,2017-03-27,31917.5,238,1793822.85
2016,2017-03-28,24562.0,239,1818384.85
2016,2017-03-29,31750.0,240,1850134.85
2016,2017-03-30,32534.5,241,1882669.35
2016,2017-03-31,34158.34,242,1916827.69
2016,2017-04-01,1481.0,243,1918308.69
2016,2017-04-02,7991.5,244,1926300.19
2016,2017-04-03,32719.0,245,1959019.19
2016,2017-04-04,22396.5,246,1981415.69
2016,2017-04-05,26862.5,247,2008278.19
2016,2017-04-06,26310.99,248,2034589.18
2016,2017-04-07,31145.0,249,2065734.18
2016,2017-04-08,125.0,250,2065859.18
2016,2017-04-09,12975.0,251,2078834.18
2016,2017-04-10,51272.7,252,2130106.88
2016,2017-04-11,22000.0,253,2152106.88
2016,2017-04-12,21011.6,254,2173118.48
2016,2017-04-15,13343.5,257,2186461.98
2016,2017-04-17,4346.5,259,2190808.48
2016,2017-04-18,35012.9,260,2225821.38
2016,2017-04-19,20831.5,261,2246652.88
2016,2017-04-20,24428.0,262,2271080.88
2016,2017-04-21,25423.0,263,2296503.88
2016,2017-04-22,354.0,264,2296857.88
2016,2017-04-23,11599.5,265,2308457.38
2016,2017-04-24,42350.0,266,2350807.38
2016,2017-04-25,22539.5,267,2373346.88
2016,2017-04-26,23085.5,268,2396432.38
2016,2017-04-27,24289.0,269,2420721.38
2016,2017-04-28,18532.5,270,2439253.88
2016,2017-04-29,2767.5,271,2442021.38
2016,2017-04-30,13062.0,272,2455083.38
2016,2017-05-01,16061.5,273,2471144.88
2016,2017-05-02,26573.5,274,2497718.38
2016,2017-05-03,14729.5,275,2512447.88
2016,2017-05-04,18781.5,276,2531229.38
2016,2017-05-05,22457.5,277,2553686.88
2016,2017-05-07,12884.5,279,2566571.38
2016,2017-05-08,28616.0,280,2595187.38
2016,2017-05-09,12452.5,281,2607639.88
2016,2017-05-10,13941.0,282,2621580.88
2016,2017-05-11,20042.5,283,2641623.38
2016,2017-05-14,18379.0,286,2660002.38
2016,2017-05-15,17551.5,287,2677553.88
2016,2017-05-16,11788.5,288,2689342.38
2016,2017-05-17,12349.5,289,2701691.88
2016,2017-05-18,11094.5,290,2712786.38
2016,2017-05-19,9466.5,291,2722252.88
2016,2017-05-21,503.5,293,2722756.38
2016,2017-05-22,3358.0,294,2726114.38
2016,2017-05-23,1757.0,295,2727871.38
2016,2017-05-24,1072.5,296,2728943.88
2016,2017-05-26,1440.0,298,2730383.88
2016,2017-05-28,629.5,300,2731013.38
2016,2017-05-29,3972.0,301,2734985.38
2016,2017-05-30,740.5,302,2735725.88
2016,2017-05-31,581.5,303,2736307.38
2016,2017-06-01,653.2,304,2736960.58
2016,2017-06-02,584.0,305,2737544.58
2016,2017-06-06,1303.0,309,2738847.58
2016,2017-06-07,72.0,310,2738919.58
2016,2017-06-08,796.0,311,2739715.58
2016,2017-06-09,1066.0,312,2740781.58
2016,2017-06-12,2448.5,315,2743230.08
2016,2017-06-13,688.0,316,2743918.08
2016,2017-06-15,968.0,318,2744886.08
2016,2017-06-16,1699.0,319,2746585.08
2016,2017-06-18,136.0,321,2746721.08
2016,2017-06-19,1046.5,322,2747767.58
2016,2017-06-20,513.5,323,2748281.08
2016,2017-06-22,516.0,325,2748797.08
2016,2017-06-23,1238.0,326,2750035.08
2016,2017-06-26,936.0,329,2750971.08
2016,2017-06-27,1297.0,330,2752268.08
2016,2017-07-19,84.0,352,2752352.08
2017,2017-08-08,571.0,7,571.0
2017,2017-08-09,301.0,8,872.0
2017,2017-08-17,239.0,16,1111.0
2017,2017-08-19,106.0,18,1217.0
2017,2017-11-21,67.0,112,1284.0
2017,2017-11-24,528.2,115,1812.2
2017,2017-11-27,912.1999999999999,118,2724.4
2017,2017-11-28,44.0,119,2768.4
2017,2017-11-29,55.4,120,2823.8
2017,2017-12-01,694.1,122,3517.9
2017,2017-12-04,193.0,125,3710.9
2017,2017-12-05,438.2,126,4149.1
2017,2017-12-07,1885.0,128,6034.1
2017,2017-12-08,312.0,129,6346.1
2017,2017-12-11,626.5,132,6972.6
2017,2017-12-12,242.0,133,7214.6
2017,2017-12-13,749.5,134,7964.1
2017,2017-12-14,2153.5,135,10117.6
2017,2017-12-15,1100.5,136,11218.1
2017,2017-12-18,1983.5,139,13201.6
2017,2017-12-19,974.5,140,14176.1
2017,2017-12-20,657.3,141,14833.4
2017,2017-12-21,1577.0,142,16410.4
2017,2017-12-22,2343.0,143,18753.4
2017,2017-12-28,1099.7,149,19853.1
2017,2017-12-29,3877.7,150,23730.8
2017,2018-01-02,14.5,154,23745.3
2017,2018-01-03,1515.5,155,25260.8
2017,2018-01-04,2323.0,156,27583.8
2017,2018-01-05,3483.5,157,31067.3
2017,2018-01-08,4910.0,160,35977.3
2017,2018-01-09,3423.5,161,39400.8
2017,2018-01-10,6679.0,162,46079.8
2017,2018-01-11,6062.0,163,52141.8
2017,2018-01-12,6651.34,164,58793.14
2017,2018-01-13,885.5,165,59678.64
2017,2018-01-15,7833.5,167,67512.14
2017,2018-01-16,4124.5,168,71636.64
2017,2018-01-17,5208.5,169,76845.14
2017,2018-01-18,11197.5,170,88042.64
2017,2018-01-19,13006.6,171,101049.24
2017,2018-01-20,937.5,172,101986.74
2017,2018-01-21,1777.0,173,103763.74
2017,2018-01-22,29117.5,174,132881.24
2017,2018-01-23,8830.0,175,141711.24
2017,2018-01-24,13707.0,176,155418.24
2017,2018-01-25,17288.5,177,172706.74
2017,2018-01-26,20180.5,178,192887.24
2017,2018-01-27,2353.5,179,195240.74
2017,2018-01-28,6279.5,180,201520.24
2017,2018-01-29,37200.5,181,238720.74
2017,2018-01-30,15928.0,182,254648.74
2017,2018-01-31,26543.5,183,281192.24
2017,2018-02-01,20147.5,184,301339.74
2017,2018-02-02,35047.0,185,336386.74
2017,2018-02-03,4576.5,186,340963.24
2017,2018-02-04,10973.5,187,351936.74
2017,2018-02-05,32456.0,188,384392.74
2017,2018-02-06,13135.0,189,397527.74
2017,2018-02-07,11041.0,190,408568.74
2017,2018-02-08,7166.4,191,415735.14
2017,2018-02-09,15014.5,192,430749.64
2017,2018-02-10,3980.5,193,434730.14
2017,2018-02-11,18238.0,194,452968.14
2017,2018-02-12,43575.5,195,496543.64
2017,2018-02-13,31635.5,196,528179.14
2017,2018-02-14,32471.5,197,560650.64
2017,2018-02-15,34206.9,198,594857.54
2017,2018-02-16,40096.5,199,634954.04
2017,2018-02-17,6640.5,200,641594.54
2017,2018-02-18,29546.5,201,671141.04
2017,2018-02-19,53323.75,202,724464.79
2017,2018-02-20,17568.75,203,742033.54
2017,2018-02-21,29599.76,204,771633.3
2017,2018-02-22,32268.5,205,803901.8
2017,2018-02-23,39717.0,206,843618.8
2017,2018-02-24,4964.0,207,848582.8
2017,2018-02-25,26108.0,208,874690.8
2017,2018-02-26,43877.61,209,918568.41
2017,2018-02-27,27025.75,210,945594.16
2017,2018-02-28,32987.5,211,978581.66
2017,2018-03-01,34047.75,212,1012629.41
2017,2018-03-02,35927.9,213,1048557.31
2017,2018-03-03,907.5,214,1049464.81
2017,2018-03-04,23707.75,215,1073172.56
2017,2018-03-05,25560.25,216,1098732.81
2017,2018-03-06,22844.0,217,1121576.81
2017,2018-03-07,28626.25,218,1150203.06
2017,2018-03-08,29108.0,219,1179311.06
2017,2018-03-09,31803.25,220,1211114.31
2017,2018-03-10,4685.0,221,1215799.31
2017,2018-03-11,18694.0,222,1234493.31
2017,2018-03-12,39731.5,223,1274224.81
2017,2018-03-13,26655.5,224,1300880.31
2017,2018-03-14,35270.0,225,1336150.31
2017,2018-03-15,38960.0,226,1375110.31
2017,2018-03-16,45516.5,227,1420626.81
2017,2018-03-17,7097.5,228,1427724.31
2017,2018-03-18,29252.5,229,1456976.81
2017,2018-03-19,56404.0,230,1513380.81
2017,2018-03-20,39816.0,231,1553196.81
2017,2018-03-21,38187.5,232,1591384.31
2017,2018-03-22,36530.0,233,1627914.31
2017,2018-03-23,43692.5,234,1671606.81
2017,2018-03-24,2191.0,235,1673797.81
2017,2018-03-25,21392.5,236,1695190.31
2017,2018-03-26,43745.0,237,1738935.31
2017,2018-03-27,41696.0,238,1780631.31
2017,2018-03-28,35736.2,239,1816367.51
2017,2018-03-30,474.5,241,1816842.01
2017,2018-03-31,30173.0,242,1847015.01
2017,2018-04-01,35.0,243,1847050.01
2017,2018-04-03,49198.0,245,1896248.01
2017,2018-04-04,29086.0,246,1925334.01
2017,2018-04-05,33299.0,247,1958633.01
2017,2018-04-06,39563.0,248,1998196.01
2017,2018-04-07,1470.0,249,1999666.01
2017,2018-04-08,31661.0,250,2031327.01
2017,2018-04-09,41962.0,251,2073289.01
2017,2018-04-10,25239.5,252,2098528.51
2017,2018-04-11,31420.0,253,2129948.51
2017,2018-04-12,34954.0,254,2164902.51
2017,2018-04-13,38995.0,255,2203897.51
2017,2018-04-14,7969.0,256,2211866.51
2017,2018-04-15,21816.5,257,2233683.01
2017,2018-04-16,48526.5,258,2282209.51
2017,2018-04-17,28362.5,259,2310572.01
2017,2018-04-18,38112.5,260,2348684.51
2017,2018-04-19,42199.0,261,2390883.51
2017,2018-04-20,43142.0,262,2434025.51
2017,2018-04-21,2576.5,263,2436602.01
2017,2018-04-22,22184.75,264,2458786.76
2017,2018-04-23,39954.0,265,2498740.76
2017,2018-04-24,28161.25,266,2526902.01
2017,2018-04-25,17524.0,267,2544426.01
2017,2018-04-26,39649.0,268,2584075.01
2017,2018-04-27,270.0,269,2584345.01
2017,2018-04-28,6707.5,270,2591052.51
2017,2018-04-29,13051.5,271,2604104.01
2017,2018-04-30,32704.5,272,2636808.51
2017,2018-05-01,6830.0,273,2643638.51
2017,2018-05-02,25531.0,274,2669169.51
2017,2018-05-03,16464.75,275,2685634.26
2017,2018-05-04,27996.5,276,2713630.76
2017,2018-05-05,1449.5,277,2715080.26
2017,2018-05-06,14645.0,278,2729725.26
2017,2018-05-07,30259.0,279,2759984.26
2017,2018-05-08,14717.0,280,2774701.26
2017,2018-05-09,20799.5,281,2795500.76
2017,2018-05-10,4112.0,282,2799612.76
2017,2018-05-11,48978.0,283,2848590.76
2017,2018-05-12,3248.0,284,2851838.76
2017,2018-05-13,19293.0,285,2871131.76
2017,2018-05-14,16599.0,286,2887730.76
2017,2018-05-15,11071.0,287,2898801.76
2017,2018-05-16,13326.5,288,2912128.26
2017,2018-05-17,17842.5,289,2929970.76
2017,2018-05-18,18710.0,290,2948680.76
2017,2018-05-19,2454.0,291,2951134.76
2017,2018-05-21,3637.0,293,2954771.76
2017,2018-05-22,10668.5,294,2965440.26
2017,2018-05-23,2492.5,295,2967932.76
2017,2018-05-24,2592.5,296,2970525.26
2017,2018-05-25,1359.0,297,2971884.26
2017,2018-05-28,1117.5,300,2973001.76
2017,2018-05-29,177.0,301,2973178.76
2017,2018-05-30,541.0,302,2973719.76
2017,2018-05-31,764.0,303,2974483.76
2017,2018-06-01,1654.0,304,2976137.76
2017,2018-06-04,2116.0,307,2978253.76
2017,2018-06-05,425.0,308,2978678.76
2017,2018-06-06,1330.0,309,2980008.76
2017,2018-06-07,1140.5,310,2981149.26
2017,2018-06-08,1066.5,311,2982215.76
2017,2018-06-11,2284.0,314,2984499.76
2017,2018-06-12,203.5,315,2984703.26
2017,2018-06-13,850.0,316,2985553.26
2017,2018-06-14,287.0,317,2985840.26
2017,2018-06-15,433.5,318,2986273.76
2017,2018-06-18,1058.0,321,2987331.76
2017,2018-06-19,206.5,322,2987538.26
2017,2018-06-20,382.0,323,2987920.26
2017,2018-06-22,235.0,325,2988155.26
2017,2018-06-25,1509.5,328,2989664.76
2017,2018-06-26,297.5,329,2989962.26
2017,2018-06-28,1487.0,331,2991449.26
2017,2018-06-29,40.5,332,2991489.76
2018,2018-11-12,149.0,103,149.0
2018,2018-11-14,2225.5,105,2374.5
2018,2018-11-15,1039.0,106,3413.5
2018,2018-11-16,1368.5,107,4782.0
2018,2018-11-19,8824.43,110,13606.43
2018,2018-11-20,1131.33,111,14737.76
2018,2018-11-21,229.5,112,14967.26
2018,2018-11-22,99.0,113,15066.26
2018,2018-11-23,1287.85,114,16354.11
2018,2018-11-25,237.0,116,16591.11
2018,2018-11-26,605.0,117,17196.11
2018,2018-11-27,696.0,118,17892.11
2018,2018-11-28,2594.0,119,20486.11
2018,2018-11-29,4074.89,120,24561.0
2018,2018-11-30,6633.0,121,31194.0
2018,2018-12-03,1025.5,124,32219.5
2018,2018-12-04,248.5,125,32468.0
2018,2018-12-05,3418.5,126,35886.5
2018,2018-12-06,5903.0,127,41789.5
2018,2018-12-07,3715.5,128,45505.0
2018,2018-12-10,7552.5,131,53057.5
2018,2018-12-11,2616.5,132,55674.0
2018,2018-12-12,5077.5,133,60751.5
2018,2018-12-13,7130.72,134,67882.22
2018,2018-12-14,3253.0,135,71135.22
2018,2018-12-15,1959.5,136,73094.72
2018,2018-12-16,3489.0,137,76583.72
2018,2018-12-17,18827.23,138,95410.95
2018,2018-12-18,8938.0,139,104348.95
2018,2018-12-19,14132.5,140,118481.45
2018,2018-12-20,19424.91,141,137906.36
2018,2018-12-21,3683.1800000000003,142,141589.54
2018,2018-12-22,812.5,143,142402.04
2018,2018-12-27,3685.0,148,146087.04
2018,2018-12-28,4603.22,149,150690.26
2018,2018-12-29,1287.69,150,151977.95
2018,2018-12-30,432.5,151,152410.45
2018,2019-01-02,10887.5,154,163297.95
2018,2019-01-03,2017.0,155,165314.95
2018,2019-01-04,13509.5,156,178824.45
2018,2019-01-05,2870.5,157,181694.95
2018,2019-01-06,813.3199999999999,158,182508.27
2018,2019-01-07,13795.4,159,196303.67
2018,2019-01-08,11198.87,160,207502.54
2018,2019-01-09,13838.5,161,221341.04
2018,2019-01-10,14185.5,162,235526.54
2018,2019-01-11,31982.5,163,267509.04
2018,2019-01-12,5299.0,164,272808.04
2018,2019-01-13,21355.5,165,294163.54
2018,2019-01-14,37412.35,166,331575.89
2018,2019-01-15,23290.96,167,354866.85
2018,2019-01-16,25126.04,168,379992.89
2018,2019-01-17,29083.0,169,409075.89
2018,2019-01-18,44907.76,170,453983.65
2018,2019-01-19,7951.48,171,461935.13
2018,2019-01-20,25722.5,172,487657.63
2018,2019-01-21,52131.84,173,539789.47
2018,2019-01-22,30561.9,174,570351.37
2018,2019-01-23,31173.05,175,601524.42
2018,2019-01-24,41417.58,176,642942.0
2018,2019-01-25,45319.35,177,688261.35
2018,2019-01-26,4507.61,178,692768.96
2018,2019-01-27,28560.0,179,721328.96
2018,2019-01-28,49006.0,180,770334.96
2018,2019-01-29,27016.42,181,797351.38
2018,2019-01-30,35105.64,182,832457.02
2018,2019-01-31,28610.07,183,861067.09
2018,2019-02-01,37727.91,184,898795.0
2018,2019-02-02,10440.2,185,909235.2
2018,2019-02-03,24490.91,186,933726.11
2018,2019-02-04,41673.9,187,975400.01
2018,2019-02-05,29416.6,188,1004816.61
2018,2019-02-06,32185.5,189,1037002.11
2018,2019-02-07,37265.41,190,1074267.52
2018,2019-02-08,42609.77,191,1116877.29
2018,2019-02-09,5603.99,192,1122481.28
2018,2019-02-10,27903.2,193,1150384.48
2018,2019-02-11,50830.98,194,1201215.46
2018,2019-02-12,34960.64,195,1236176.1
2018,2019-02-13,29894.5,196,1266070.6
2018,2019-02-14,35260.76,197,1301331.36
2018,2019-02-15,40918.5,198,1342249.86
2018,2019-02-16,4533.38,199,1346783.24
2018,2019-02-17,24401.0,200,1371184.24
2018,2019-02-18,47317.5,201,1418501.74
2018,2019-02-19,34123.3,202,1452625.04
2018,2019-02-20,28642.82,203,1481267.86
2018,2019-02-21,35507.5,204,1516775.36
2018,2019-02-22,38937.0,205,1555712.36
2018,2019-02-23,6841.5,206,1562553.86
2018,2019-02-24,31741.5,207,1594295.36
2018,2019-02-25,52799.6,208,1647094.96
2018,2019-02-26,27004.5,209,1674099.46
2018,2019-02-27,36345.0,210,1710444.46
2018,2019-02-28,37795.0,211,1748239.46
2018,2019-03-01,41803.0,212,1790042.46
2018,2019-03-02,6357.0,213,1796399.46
2018,2019-03-03,31483.5,214,1827882.96
2018,2019-03-04,46996.24,215,1874879.2
2018,2019-03-05,29027.0,216,1903906.2
2018,2019-03-06,34637.0,217,1938543.2
2018,2019-03-07,39570.5,218,1978113.7
2018,2019-03-08,39572.0,219,2017685.7
2018,2019-03-09,7246.0,220,2024931.7
2018,2019-03-10,22059.0,221,2046990.7
2018,2019-03-11,51492.5,222,2098483.2
2018,2019-03-12,30473.5,223,2128956.7
2018,2019-03-13,31715.5,224,2160672.2
2018,2019-03-14,43811.0,225,2204483.2
2018,2019-03-15,25693.5,226,2230176.7
2018,2019-03-16,2402.0,227,2232578.7
2018,2019-03-17,14110.0,228,2246688.7
2018,2019-03-18,29180.0,229,2275868.7
2018,2019-03-19,22280.0,230,2298148.7
2018,2019-03-20,20446.5,231,2318595.2
2018,2019-03-21,26621.0,232,2345216.2
2018,2019-03-22,31527.0,233,2376743.2
2018,2019-03-23,6570.0,234,2383313.2
2018,2019-03-24,16254.5,235,2399567.7
2018,2019-03-25,47379.0,236,2446946.7
2018,2019-03-26,22288.0,237,2469234.7
2018,2019-03-27,30894.5,238,2500129.2
2018,2019-03-28,35714.0,239,2535843.2
2018,2019-03-29,42090.0,240,2577933.2
2018,2019-03-30,5017.5,241,2582950.7
2018,2019-03-31,12154.5,242,2595105.2
2018,2019-04-01,48547.5,243,2643652.7
2018,2019-04-02,34593.0,244,2678245.7
2018,2019-04-03,17117.5,245,2695363.2
2018,2019-04-04,7750.5,246,2703113.7
2018,2019-04-05,28680.0,247,2731793.7
2018,2019-04-06,7188.0,248,2738981.7
2018,2019-04-07,19660.0,249,2758641.7
2018,2019-04-08,26013.5,250,2784655.2
2018,2019-04-09,25223.0,251,2809878.2
2018,2019-04-10,26855.0,252,2836733.2
2018,2019-04-11,19852.5,253,2856585.7
2018,2019-04-12,29018.0,254,2885603.7
2018,2019-04-13,5347.5,255,2890951.2
2018,2019-04-14,26792.5,256,2917743.7
2018,2019-04-15,27547.0,257,2945290.7
2018,2019-04-16,26730.0,258,2972020.7
2018,2019-04-17,19468.0,259,2991488.7
2018,2019-04-20,32842.0,262,3024330.7
2018,2019-04-21,2988.0,263,3027318.7
2018,2019-04-22,10380.5,264,3037699.2
2018,2019-04-23,34849.5,265,3072548.7
2018,2019-04-24,16189.0,266,3088737.7
2018,2019-04-25,24585.9,267,3113323.6
2018,2019-04-26,35347.0,268,3148670.6
2018,2019-04-27,4457.0,269,3153127.6
2018,2019-04-28,39421.0,270,3192548.6
2018,2019-04-29,27061.0,271,3219609.6
2018,2019-04-30,18155.5,272,3237765.1
2018,2019-05-01,4253.5,273,3242018.6
2018,2019-05-02,23300.0,274,3265318.6
2018,2019-05-03,23067.0,275,3288385.6
2018,2019-05-04,1395.5,276,3289781.1
2018,2019-05-05,12247.5,277,3302028.6
2018,2019-05-06,18582.5,278,3320611.1
2018,2019-05-07,5348.5,279,3325959.6
2018,2019-05-08,7317.0,280,3333276.6
2018,2019-05-09,7811.5,281,3341088.1
2018,2019-05-10,9703.5,282,3350791.6
2018,2019-05-11,1186.0,283,3351977.6
2018,2019-05-12,1108.5,284,3353086.1
2018,2019-05-13,10646.0,285,3363732.1
2018,2019-05-14,4860.5,286,3368592.6
2018,2019-05-15,5601.0,287,3374193.6
2018,2019-05-16,8925.5,288,3383119.1
2018,2019-05-18,5530.0,290,3388649.1
2018,2019-05-20,14966.5,292,3403615.6
2018,2019-05-21,5893.0,293,3409508.6
2018,2019-05-22,5021.5,294,3414530.1
2018,2019-05-23,4122.5,295,3418652.6
2018,2019-05-24,6897.5,296,3425550.1
2018,2019-05-27,5478.0,299,3431028.1
2018,2019-05-28,2514.0,300,3433542.1
2018,2019-05-29,1501.0,301,3435043.1
2018,2019-05-31,736.0,303,3435779.1
2018,2019-06-03,1947.0,306,3437726.1
2018,2019-06-04,660.0,307,3438386.1
2018,2019-06-05,1062.0,308,3439448.1
2018,2019-06-06,375.0,309,3439823.1
2018,2019-06-07,1232.5,310,3441055.6
2018,2019-06-11,1156.0,314,3442211.6
2018,2019-06-12,497.0,315,3442708.6
2019,2019-11-25,46.0,116,46.0
2019,2019-12-20,85.5,141,131.5
2019,2019-12-30,919.5,151,1051.0
2019,2020-01-06,695.0,158,1746.0
2019,2020-01-07,589.5,159,2335.5
2019,2020-01-08,263.0,160,2598.5
2019,2020-01-09,69.0,161,2667.5
2019,2020-01-10,787.5,162,3455.0
2019,2020-01-12,37.620000000000005,164,3492.62
2019,2020-01-13,3309.45,165,6802.07
2019,2020-01-14,675.5,166,7477.57
2019,2020-01-15,4449.5,167,11927.07
2019,2020-01-16,4840.93,168,16768.0
2019,2020-01-17,5606.19,169,22374.19
2019,2020-01-18,110.8,170,22484.989999999998
2019,2020-01-19,964.3199999999999,171,23449.309999999998
2019,2020-01-20,15891.5,172,39340.81
2019,2020-01-21,4483.79,173,43824.6
2019,2020-01-22,9012.5,174,52837.1
2019,2020-01-23,17608.53,175,70445.63
2019,2020-01-24,15974.9,176,86420.53
2019,2020-01-25,1025.2,177,87445.73
2019,2020-01-26,17570.0,178,105015.73
2019,2020-01-27,28248.31,179,133264.04
2019,2020-01-28,20598.98,180,153863.02
2019,2020-01-29,21916.66,181,175779.68
2019,2020-01-30,19331.48,182,195111.16
2019,2020-01-31,27105.53,183,222216.69
2019,2020-02-01,2131.54,184,224348.22999999998
2019,2020-02-02,18605.0,185,242953.22999999998
2019,2020-02-03,34385.45,186,277338.68
2019,2020-02-04,20368.0,187,297706.68
2019,2020-02-05,24818.31,188,322524.99
2019,2020-02-06,24753.0,189,347277.99
2019,2020-02-07,31719.36,190,378997.35
2019,2020-02-08,7840.03,191,386837.38
2019,2020-02-09,21345.0,192,408182.38
2019,2020-02-10,41595.49,193,449777.87
2019,2020-02-11,32096.5,194,481874.37
2019,2020-02-12,31337.08,195,513211.45
2019,2020-02-13,31418.41,196,544629.86
2019,2020-02-14,31883.64,197,576513.5
2019,2020-02-15,11128.5,198,587642.0
2019,2020-02-16,25725.16,199,613367.16
2019,2020-02-17,45915.8,200,659282.96
2019,2020-02-18,30662.29,201,689945.25
2019,2020-02-19,27651.29,202,717596.54
2019,2020-02-20,31104.69,203,748701.23
2019,2020-02-21,35552.08,204,784253.31
2019,2020-02-22,10993.06,205,795246.37
2019,2020-02-23,25829.82,206,821076.19
2019,2020-02-24,45198.6,207,866274.79
2019,2020-02-25,30783.24,208,897058.03
2019,2020-02-26,30910.5,209,927968.53
2019,2020-02-27,29314.97,210,957283.5
2019,2020-02-28,37441.14,211,994724.64
2019,2020-02-29,6928.93,212,1001653.57
2019,2020-03-01,28540.41,213,1030193.98
2019,2020-03-02,42680.39,214,1072874.37
2019,2020-03-03,27706.5,215,1100580.87
2019,2020-03-04,24707.0,216,1125287.87
2019,2020-03-05,27764.0,217,1153051.87
2019,2020-03-06,34371.5,218,1187423.37
2019,2020-03-07,6768.0,219,1194191.37
2019,2020-03-08,20215.79,220,1214407.16
2019,2020-03-09,47604.5,221,1262011.66
2019,2020-03-10,28059.13,222,1290070.79
2019,2020-03-11,31079.66,223,1321150.45
2019,2020-03-12,35902.0,224,1357052.45
2019,2020-03-13,30478.05,225,1387530.5
2019,2020-03-14,4797.86,226,1392328.36
2019,2020-03-15,20386.0,227,1412714.36
2019,2020-03-16,41726.33,228,1454440.69
2019,2020-03-17,24231.34,229,1478672.03
2019,2020-03-18,26777.96,230,1505449.99
2019,2020-03-19,35636.79,231,1541086.78
2019,2020-03-20,37176.5,232,1578263.28
2019,2020-03-21,5427.51,233,1583690.79
2019,2020-03-22,23311.5,234,1607002.29
2019,2020-03-23,49199.0,235,1656201.29
2019,2020-03-24,30131.15,236,1686332.44
2019,2020-03-25,30529.0,237,1716861.44
2019,2020-03-26,24402.11,238,1741263.55
2019,2020-03-27,27028.0,239,1768291.55
2019,2020-03-28,4058.5,240,1772350.05
2019,2020-03-29,20931.0,241,1793281.05
2019,2020-03-30,30012.5,242,1823293.55
2019,2020-03-31,7994.5,243,1831288.05
2019,2020-04-01,21420.5,244,1852708.55
2019,2020-04-02,28399.0,245,1881107.55
2019,2020-04-03,32195.0,246,1913302.55
2019,2020-04-04,10735.5,247,1924038.05
2019,2020-04-05,18655.0,248,1942693.05
2019,2020-04-06,43985.26,249,1986678.31
2019,2020-04-07,31243.0,250,2017921.31
2019,2020-04-08,33930.0,251,2051851.31
2019,2020-04-09,7969.0,252,2059820.31
2019,2020-04-10,12028.0,253,2071848.31
2019,2020-04-11,38345.31,254,2110193.62
2019,2020-04-13,16099.5,256,2126293.12
2019,2020-04-14,25508.5,257,2151801.62
2019,2020-04-15,12065.5,258,2163867.12
2019,2020-04-16,20870.0,259,2184737.12
2019,2020-04-17,28102.0,260,2212839.12
2019,2020-04-18,4548.0,261,2217387.12
2019,2020-04-19,8983.0,262,2226370.12
2019,2020-04-20,13576.5,263,2239946.62
2019,2020-04-21,17084.5,264,2257031.12
2019,2020-04-22,21657.0,265,2278688.12
2019,2020-04-23,18916.5,266,2297604.62
2019,2020-04-24,27051.0,267,2324655.62
2019,2020-04-25,6955.0,268,2331610.62
2019,2020-04-26,9159.0,269,2340769.62
2019,2020-04-27,18769.0,270,2359538.62
2019,2020-04-28,14299.0,271,2373837.62
2019,2020-04-29,8492.5,272,2382330.12
2019,2020-04-30,14912.0,273,2397242.12
2019,2020-05-01,4856.0,274,2402098.12
2019,2020-05-02,565.5,275,2402663.62
2019,2020-05-03,10324.5,276,2412988.12
2019,2020-05-04,17993.5,277,2430981.62
2019,2020-05-05,6333.0,278,2437314.62
2019,2020-05-06,9523.5,279,2446838.12
2019,2020-05-07,18941.5,280,2465779.62
2019,2020-05-08,1609.0,281,2467388.62
2019,2020-05-09,4742.5,282,2472131.12
2019,2020-05-10,13996.5,283,2486127.62
2019,2020-05-11,28144.0,284,2514271.62
2019,2020-05-12,12599.0,285,2526870.62
2019,2020-05-13,8086.0,286,2534956.62
2019,2020-05-14,10009.5,287,2544966.12
2019,2020-05-15,10443.5,288,2555409.62
2019,2020-05-16,3681.5,289,2559091.12
2019,2020-05-17,4442.5,290,2563533.62
2019,2020-05-18,7021.5,291,2570555.12
2019,2020-05-19,1729.0,292,2572284.12
2019,2020-05-20,1574.0,293,2573858.12
2019,2020-05-22,2360.5,295,2576218.62
2019,2020-05-25,3600.5,298,2579819.12
2019,2020-05-26,502.5,299,2580321.62
2019,2020-05-27,91.5,300,2580413.12
2019,2020-05-28,844.0,301,2581257.12
2019,2020-05-29,634.0,302,2581891.12
2019,2020-06-02,933.0,306,2582824.12
2019,2020-06-03,186.0,307,2583010.12
2019,2020-06-04,412.5,308,2583422.62
2019,2020-06-05,1009.0,309,2584431.62
2019,2020-06-08,386.0,312,2584817.62
2019,2020-06-09,77.5,313,2584895.12
2019,2020-06-10,89.0,314,2584984.12
2019,2020-06-11,56.5,315,2585040.62
2019,2020-06-12,256.0,316,2585296.62
2019,2020-06-19,58.0,323,2585354.62
2019,2020-06-22,84.5,326,2585439.12
2020,2020-11-26,556.0,117,556.0
2020,2020-12-18,771.0,139,1327.0
2020,2020-12-21,1913.5,142,3240.5
2020,2020-12-22,144.0,143,3384.5
2020,2020-12-23,75.0,144,3459.5
2020,2020-12-28,574.0,149,4033.5
2020,2020-12-30,129.0,151,4162.5
2020,2021-01-04,462.0,156,4624.5
2020,2021-01-06,142.5,158,4767.0
2020,2021-01-07,355.5,159,5122.5
2020,2021-01-08,418.5,160,5541.0
2020,2021-01-11,4676.0,163,10217.0
2020,2021-01-12,266.5,164,10483.5
2020,2021-01-13,3158.5,165,13642.0
2020,2021-01-14,3264.0,166,16906.0
2020,2021-01-15,6132.0,167,23038.0
2020,2021-01-16,258.0,168,23296.0
2020,2021-01-17,1124.0,169,24420.0
2020,2021-01-18,8022.0,170,32442.0
2020,2021-01-19,2641.5,171,35083.5
2020,2021-01-20,6998.0,172,42081.5
2020,2021-01-21,940.5,173,43022.0
2020,2021-01-22,1455.5,174,44477.5
2020,2021-01-24,706.0,176,45183.5
2020,2021-01-25,7468.25,177,52651.75
2020,2021-01-26,1887.5,178,54539.25
2020,2021-01-27,7526.0,179,62065.25
2020,2021-01-28,5917.5,180,67982.75
2020,2021-01-29,9167.5,181,77150.25
2020,2021-01-30,1289.5,182,78439.75
2020,2021-01-31,1866.5,183,80306.25
2020,2021-02-01,14716.5,184,95022.75
2020,2021-02-02,4942.5,185,99965.25
2020,2021-02-03,7447.5,186,107412.75
2020,2021-02-04,6302.5,187,113715.25
2020,2021-02-05,22116.5,188,135831.75
2020,2021-02-06,1127.5,189,136959.25
2020,2021-02-07,14235.5,190,151194.75
2020,2021-02-08,26852.5,191,178047.25
2020,2021-02-09,21992.5,192,200039.75
2020,2021-02-10,20816.0,193,220855.75
2020,2021-02-11,13445.0,194,234300.75
2020,2021-02-12,13195.5,195,247496.25
2020,2021-02-13,2711.5,196,250207.75
2020,2021-02-14,13217.0,197,263424.75
2020,2021-02-15,34635.5,198,298060.25
2020,2021-02-16,21201.0,199,319261.25
2020,2021-02-17,22942.5,200,342203.75
2020,2021-02-18,23028.0,201,365231.75
2020,2021-02-19,20804.08,202,386035.83
2020,2021-02-20,3346.92,203,389382.75
2020,2021-02-21,14032.91,204,403415.66
2020,2021-02-22,27754.16,205,431169.82
2020,2021-02-23,17145.75,206,448315.57
2020,2021-02-24,19366.95,207,467682.52
2020,2021-02-25,28560.26,208,496242.78
2020,2021-02-26,25159.0,209,521401.78
2020,2021-02-27,11573.23,210,532975.01
2020,2021-02-28,15882.0,211,548857.01
2020,2021-03-01,27243.24,212,576100.25
2020,2021-03-02,17645.17,213,593745.42
2020,2021-03-03,26670.38,214,620415.8
2020,2021-03-04,19686.0,215,640101.8
2020,2021-03-05,24301.05,216,664402.85
2020,2021-03-06,2903.32,217,667306.17
2020,2021-03-07,13973.44,218,681279.61
2020,2021-03-08,25070.0,219,706349.61
2020,2021-03-09,22589.5,220,728939.11
2020,2021-03-10,23095.0,221,752034.11
2020,2021-03-11,29931.5,222,781965.61
2020,2021-03-12,28034.5,223,810000.11
2020,2021-03-13,1168.0,224,811168.11
2020,2021-03-14,12207.5,225,823375.61
2020,2021-03-15,25437.0,226,848812.61
2020,2021-03-16,16916.88,227,865729.49
2020,2021-03-17,19712.0,228,885441.49
2020,2021-03-18,11787.5,229,897228.99
2020,2021-03-19,13802.0,230,911030.99
2020,2021-03-20,1803.5,231,912834.49
2020,2021-03-21,12076.5,232,924910.99
2020,2021-03-22,26025.5,233,950936.49
2020,2021-03-23,10634.0,234,961570.49
2020,2021-03-24,18527.5,235,980097.99
2020,2021-03-25,21928.0,236,1002025.99
2020,2021-03-26,24050.5,237,1026076.49
2020,2021-03-27,400.5,238,1026476.99
2020,2021-03-28,16270.5,239,1042747.49
2020,2021-03-29,24148.5,240,1066895.99
2020,2021-03-30,17294.0,241,1084189.99
2020,2021-03-31,4383.0,242,1088572.99
2020,2021-04-01,1238.0,243,1089810.99
2020,2021-04-03,3105.0,245,1092915.99
2020,2021-04-05,5249.87,247,1098165.86
2020,2021-04-06,15207.0,248,1113372.86
2020,2021-04-07,10176.26,249,1123549.12
2020,2021-04-08,15519.5,250,1139068.62
2020,2021-04-09,15591.5,251,1154660.12
2020,2021-04-10,2291.5,252,1156951.62
2020,2021-04-11,5999.5,253,1162951.12
2020,2021-04-12,2151.18,254,1165102.3
2020,2021-04-13,935.5,255,1166037.8
2020,2021-04-14,1070.0,256,1167107.8
2020,2021-04-15,2009.0,257,1169116.8
2020,2021-04-16,5838.14,258,1174954.94
2020,2021-04-17,539.0,259,1175493.94
2020,2021-04-18,1752.0,260,1177245.94
2020,2021-04-19,14640.1,261,1191886.04
2020,2021-04-20,5392.4,262,1197278.44
2020,2021-04-21,9743.5,263,1207021.94
2020,2021-04-22,10691.0,264,1217712.94
2020,2021-04-23,16267.74,265,1233980.68
2020,2021-04-24,767.5,266,1234748.18
2020,2021-04-25,10460.0,267,1245208.18
2020,2021-04-26,30678.19,268,1275886.37
2020,2021-04-27,6553.0,269,1282439.37
2020,2021-04-28,13583.06,270,1296022.43
2020,2021-04-29,10275.0,271,1306297.43
2020,2021-05-01,6002.5,273,1312299.93
2020,2021-05-02,6960.0,274,1319259.93
2020,2021-05-03,19989.0,275,1339248.93
2020,2021-05-04,10269.0,276,1349517.93
2020,2021-05-05,13074.5,277,1362592.43
2020,2021-05-06,2861.5,278,1365453.93
2020,2021-05-07,4401.0,279,1369854.93
2020,2021-05-08,383.0,280,1370237.93
2020,2021-05-10,15124.0,282,1385361.93
2020,2021-05-11,1642.5,283,1387004.43
2020,2021-05-12,6117.0,284,1393121.43
2020,2021-05-14,8676.0,286,1401797.43
2020,2021-05-15,325.0,287,1402122.43
2020,2021-05-16,165.5,288,1402287.93
2020,2021-05-17,11440.0,289,1413727.93
2020,2021-05-19,8083.5,291,1421811.43
2020,2021-05-20,7623.5,292,1429434.93
2020,2021-05-21,10000.5,293,1439435.43
2020,2021-05-25,2180.5,297,1441615.93
2020,2021-05-26,1348.0,298,1442963.93
2020,2021-05-27,1443.5,299,1444407.43
2020,2021-05-28,3009.0,300,1447416.43
2020,2021-05-31,818.5,303,1448234.93
2020,2021-06-02,325.0,305,1448559.93
2020,2021-06-03,474.0,306,1449033.93
2020,2021-06-07,565.0,310,1449598.93
2020,2021-06-08,443.0,311,1450041.93
2020,2021-06-09,248.0,312,1450289.93
2020,2021-06-18,651.0,321,1450940.93
2020,2021-06-20,4.0,323,1450944.93
2020,2021-06-30,470.0,333,1451414.93
2021,2021-10-06,477.5,66,477.5
2021,2021-10-18,141.0,78,618.5
2021,2021-12-06,68.0,127,686.5
2021,2021-12-09,120.5,130,807.0
2021,2021-12-10,39.5,131,846.5
2021,2021-12-13,148.0,134,994.5
2021,2021-12-20,311.5,141,1306.0
2021,2021-12-21,136.0,142,1442.0
2021,2021-12-23,41.5,144,1483.5
2021,2021-12-29,301.0,150,1784.5
2021,2021-12-30,254.0,151,2038.5
2021,2022-01-05,877.5,157,2916.0
2021,2022-01-06,356.5,158,3272.5
2021,2022-01-07,206.0,159,3478.5
2021,2022-01-10,563.5,162,4042.0
2021,2022-01-11,950.5,163,4992.5
2021,2022-01-12,941.0,164,5933.5
2021,2022-01-13,1556.0,165,7489.5
2021,2022-01-14,2788.0,166,10277.5
2021,2022-01-17,6030.0,169,16307.5
2021,2022-01-18,55.5,170,16363.0
2021,2022-01-19,1647.0,171,18010.0
2021,2022-01-20,1379.0,172,19389.0
2021,2022-01-21,1018.0,173,20407.0
2021,2022-01-22,57.5,174,20464.5
2021,2022-01-23,218.0,175,20682.5
2021,2022-01-24,3885.5,176,24568.0
2021,2022-01-25,2856.0,177,27424.0
2021,2022-01-26,2265.5,178,29689.5
2021,2022-01-27,6168.5,179,35858.0
2021,2022-01-28,7185.89,180,43043.89
2021,2022-01-29,650.0,181,43693.89
2021,2022-01-30,2085.8,182,45779.69
2021,2022-01-31,15950.5,183,61730.19
2021,2022-02-01,6705.32,184,68435.51
2021,2022-02-02,8179.5,185,76615.01
2021,2022-02-03,12368.21,186,88983.22
2021,2022-02-04,7865.5,187,96848.72
2021,2022-02-05,2548.0,188,99396.72
2021,2022-02-06,5641.0,189,105037.72
2021,2022-02-07,11707.5,190,116745.22
2021,2022-02-08,4785.79,191,121531.01
2021,2022-02-09,6804.0,192,128335.01
2021,2022-02-10,12197.94,193,140532.95
2021,2022-02-11,14630.5,194,155163.45
2021,2022-02-12,1559.5,195,156722.95
2021,2022-02-13,1997.5,196,158720.45
2021,2022-02-14,14265.5,197,172985.95
2021,2022-02-15,10785.0,198,183770.95
2021,2022-02-16,14560.83,199,198331.78
2021,2022-02-17,13834.5,200,212166.28
2021,2022-02-18,19758.5,201,231924.78
2021,2022-02-19,5427.5,202,237352.28
2021,2022-02-20,13277.6,203,250629.88
2021,2022-02-21,26278.0,204,276907.88
2021,2022-02-22,17517.1,205,294424.98
2021,2022-02-23,18382.94,206,312807.92
2021,2022-02-24,23571.34,207,336379.26
2021,2022-02-25,26283.01,208,362662.27
2021,2022-02-26,4621.5,209,367283.77
2021,2022-02-27,19335.5,210,386619.27
2021,2022-02-28,36823.39,211,423442.66
2021,2022-03-01,26831.5,212,450274.16
2021,2022-03-02,32777.0,213,483051.16
2021,2022-03-03,29265.0,214,512316.16
2021,2022-03-04,26655.5,215,538971.66
2021,2022-03-05,10507.0,216,549478.66
2021,2022-03-06,23055.0,217,572533.66
2021,2022-03-07,30129.5,218,602663.16
2021,2022-03-08,22315.44,219,624978.6
2021,2022-03-09,23852.0,220,648830.6
2021,2022-03-10,24289.0,221,673119.6
2021,2022-03-11,34598.0,222,707717.6
2021,2022-03-12,5517.5,223,713235.1
2021,2022-03-13,12137.0,224,725372.1
2021,2022-03-14,25237.0,225,750609.1
2021,2022-03-15,8797.0,226,759406.1
2021,2022-03-16,10797.0,227,770203.1
2021,2022-03-17,24855.0,228,795058.1
2021,2022-03-18,33839.0,229,828897.1
2021,2022-03-19,9593.5,230,838490.6
2021,2022-03-20,17751.5,231,856242.1
2021,2022-03-21,43902.0,232,900144.1
2021,2022-03-22,23173.5,233,923317.6
2021,2022-03-23,32334.0,234,955651.6
2021,2022-03-24,27645.5,235,983297.1
2021,2022-03-25,28250.0,236,1011547.1
2021,2022-03-26,6710.5,237,1018257.6
2021,2022-03-27,26823.9,238,1045081.5
2021,2022-03-28,13843.5,239,1058925.0
2021,2022-03-29,15425.5,240,1074350.5
2021,2022-03-30,16230.0,241,1090580.5
2021,2022-03-31,14120.0,242,1104700.5
2021,2022-04-01,30765.0,243,1135465.5
2021,2022-04-02,5344.0,244,1140809.5
2021,2022-04-03,16054.5,245,1156864.0
2021,2022-04-04,36234.74,246,1193098.74
2021,2022-04-05,25558.82,247,1218657.56
2021,2022-04-06,25054.68,248,1243712.24
2021,2022-04-07,26624.5,249,1270336.74
2021,2022-04-08,27037.86,250,1297374.6
2021,2022-04-09,6133.0,251,1303507.6
2021,2022-04-10,15787.06,252,1319294.66
2021,2022-04-11,29686.23,253,1348980.89
2021,2022-04-12,25868.92,254,1374849.81
2021,2022-04-13,28171.0,255,1403020.81
2021,2022-04-14,4582.0,256,1407602.81
2021,2022-04-15,5619.24,257,1413222.05
2021,2022-04-16,20295.5,258,1433517.55
2021,2022-04-17,3062.0,259,1436579.55
2021,2022-04-18,5881.3,260,1442460.85
2021,2022-04-19,18013.0,261,1460473.85
2021,2022-04-20,11650.5,262,1472124.35
2021,2022-04-21,20750.05,263,1492874.4
2021,2022-04-22,11842.5,264,1504716.9
2021,2022-04-23,5308.0,265,1510024.9
2021,2022-04-24,11511.02,266,1521535.92
2021,2022-04-25,25477.0,267,1547012.92
2021,2022-04-26,24805.73,268,1571818.65
2021,2022-04-27,22286.4,269,1594105.05
2021,2022-04-28,17527.0,270,1611632.05
2021,2022-04-29,13700.0,271,1625332.05
2021,2022-04-30,2820.5299999999997,272,1628152.58
2021,2022-05-01,3660.5,273,1631813.08
2021,2022-05-02,23827.5,274,1655640.58
2021,2022-05-03,13798.88,275,1669439.46
2021,2022-05-04,16205.5,276,1685644.96
2021,2022-05-05,16070.0,277,1701714.96
2021,2022-05-06,20523.5,278,1722238.46
2021,2022-05-07,3011.92,279,1725250.38
2021,2022-05-08,10261.0,280,1735511.38
2021,2022-05-09,22149.0,281,1757660.38
2021,2022-05-10,11651.5,282,1769311.88
2021,2022-05-11,11798.35,283,1781110.23
2021,2022-05-12,14687.0,284,1795797.23
2021,2022-05-13,2952.5,285,1798749.73
2021,2022-05-14,4368.58,286,1803118.31
2021,2022-05-15,11627.5,287,1814745.81
2021,2022-05-16,14985.5,288,1829731.31
2021,2022-05-17,7040.26,289,1836771.57
2021,2022-05-18,10990.0,290,1847761.57
2021,2022-05-19,10764.5,291,1858526.07
2021,2022-05-20,9331.5,292,1867857.57
2021,2022-05-21,2264.0,293,1870121.57
2021,2022-05-22,5005.5,294,1875127.07
2021,2022-05-23,6979.0,295,1882106.07
2021,2022-05-24,2405.5,296,1884511.57
2021,2022-05-25,1745.5,297,1886257.07
2021,2022-05-26,88.0,298,1886345.07
2021,2022-05-27,2695.5,299,1889040.57
2021,2022-05-28,331.0,300,1889371.57
2021,2022-05-29,384.0,301,1889755.57
2021,2022-05-30,4798.5,302,1894554.07
2021,2022-05-31,1228.5,303,1895782.57
2021,2022-06-01,1077.0,304,1896859.57
2021,2022-06-02,555.5,305,1897415.07
2021,2022-06-03,536.5,306,1897951.57
2021,2022-06-07,491.0,310,1898442.57
2021,2022-06-08,956.25,311,1899398.82
2021,2022-06-09,419.5,312,1899818.32
2021,2022-06-10,557.0,313,1900375.32
2021,2022-06-13,1293.5,316,1901668.82
2021,2022-06-14,398.5,317,1902067.32
2021,2022-06-17,846.5,320,1902913.82
2021,2022-06-20,411.0,323,1903324.82
2021,2022-06-22,94.0,325,1903418.82
2021,2022-06-24,131.0,327,1903549.82
2021,2022-06-27,20.0,330,1903569.82
2021,2022-06-28,135.5,331,1903705.32
2022,2022-11-23,106.0,114,106.0
2022,2022-11-25,53.5,116,159.5
2022,2022-11-28,145.0,119,304.5
2022,2022-11-30,77.0,121,381.5
2022,2022-12-30,197.0,151,578.5
2022,2023-01-04,69.5,156,648.0
2022,2023-01-05,284.5,157,932.5
2022,2023-01-06,611.0,158,1543.5
2022,2023-01-07,662.5,159,2206.0
2022,2023-01-08,803.5,160,3009.5
2022,2023-01-09,6455.5,161,9465.0
2022,2023-01-10,2633.0,162,12098.0
2022,2023-01-11,4653.5,163,16751.5
2022,2023-01-12,5718.5,164,22470.0
2022,2023-01-13,8957.5,165,31427.5
2022,2023-01-14,2401.5,166,33829.0
2022,2023-01-15,7300.5,167,41129.5
2022,2023-01-16,12465.0,168,53594.5
2022,2023-01-17,6447.0,169,60041.5
2022,2023-01-18,16807.5,170,76849.0
2022,2023-01-19,15050.0,171,91899.0
2022,2023-01-20,18706.5,172,110605.5
2022,2023-01-21,5000.0,173,115605.5
2022,2023-01-22,11600.5,174,127206.0
2022,2023-01-23,22553.5,175,149759.5
2022,2023-01-24,13389.0,176,163148.5
2022,2023-01-25,18409.0,177,181557.5
2022,2023-01-26,13644.0,178,195201.5
2022,2023-01-27,14308.5,179,209510.0
2022,2023-01-28,5231.5,180,214741.5
2022,2023-01-29,16207.54,181,230949.04
2022,2023-01-30,28478.87,182,259427.91
2022,2023-01-31,25125.0,183,284552.91
2022,2023-02-01,23013.87,184,307566.78
2022,2023-02-02,28623.88,185,336190.66
2022,2023-02-03,33879.7,186,370070.36
2022,2023-02-04,5032.5,187,375102.86
2022,2023-02-05,19789.0,188,394891.86
2022,2023-02-06,26363.12,189,421254.98
2022,2023-02-07,23358.5,190,444613.48
2022,2023-02-08,21879.65,191,466493.13
2022,2023-02-09,24748.89,192,491242.02
2022,2023-02-10,22212.61,193,513454.63
2022,2023-02-11,5544.46,194,518999.09
2022,2023-02-12,20203.0,195,539202.09
2022,2023-02-13,24346.09,196,563548.18
2022,2023-02-14,13136.5,197,576684.68
2022,2023-02-15,13735.63,198,590420.31
2022,2023-02-16,11420.5,199,601840.81
2022,2023-02-17,13464.52,200,615305.33
2022,2023-02-18,5362.33,201,620667.66
2022,2023-02-19,13292.5,202,633960.16
2022,2023-02-20,20853.0,203,654813.16
2022,2023-02-21,18484.0,204,673297.16
2022,2023-02-22,16377.69,205,689674.85
2022,2023-02-23,14677.9,206,704352.75
2022,2023-02-24,20351.5,207,724704.25
2022,2023-02-25,416.0,208,725120.25
2022,2023-02-26,8462.5,209,733582.75
2022,2023-02-27,27703.48,210,761286.23
2022,2023-02-28,9438.5,211,770724.73
2022,2023-03-01,10858.5,212,781583.23
2022,2023-03-02,17063.51,213,798646.74
2022,2023-03-03,29115.99,214,827762.73
2022,2023-03-04,6640.5,215,834403.23
2022,2023-03-05,16591.18,216,850994.41
2022,2023-03-06,36624.99,217,887619.4
2022,2023-03-07,14850.73,218,902470.13
2022,2023-03-08,26360.98,219,928831.11
2022,2023-03-09,19335.8,220,948166.91
2022,2023-03-10,26765.1,221,974932.01
2022,2023-03-11,4520.5,222,979452.51
2022,2023-03-12,20814.0,223,1000266.51
2022,2023-03-13,24097.0,224,1024363.51
2022,2023-03-14,28113.51,225,1052477.02
2022,2023-03-15,24971.48,226,1077448.5
2022,2023-03-16,26531.0,227,1103979.5
2022,2023-03-17,29330.99,228,1133310.49
2022,2023-03-18,1628.0,229,1134938.49
2022,2023-03-19,13330.52,230,1148269.01
2022,2023-03-20,23694.0,231,1171963.01
2022,2023-03-21,22190.5,232,1194153.51
2022,2023-03-22,21278.5,233,1215432.01
2022,2023-03-23,24345.02,234,1239777.03
2022,2023-03-24,29677.5,235,1269454.53
2022,2023-03-25,8762.0,236,1278216.53
2022,2023-03-26,23070.46,237,1301286.99
2022,2023-03-27,33043.24,238,1334330.23
2022,2023-03-28,25198.52,239,1359528.75
2022,2023-03-29,20251.5,240,1379780.25
2022,2023-03-30,24659.5,241,1404439.75
2022,2023-03-31,24938.0,242,1429377.75
2022,2023-04-01,4832.5,243,1434210.25
2022,2023-04-02,14198.0,244,1448408.25
2022,2023-04-03,25799.51,245,1474207.76
2022,2023-04-04,18582.6,246,1492790.3599999999
2022,2023-04-05,16616.0,247,1509406.3599999999
2022,2023-04-06,1689.4,248,1511095.76
2022,2023-04-08,21735.0,250,1532830.76
2022,2023-04-10,4994.5,252,1537825.26
2022,2023-04-11,18010.5,253,1555835.76
2022,2023-04-12,15190.5,254,1571026.26
2022,2023-04-13,23004.91,255,1594031.17
2022,2023-04-14,23547.4,256,1617578.57
2022,2023-04-15,4623.5,257,1622202.07
2022,2023-04-16,17837.0,258,1640039.07
2022,2023-04-17,31637.5,259,1671676.57
2022,2023-04-18,19237.0,260,1690913.57
2022,2023-04-19,18834.0,261,1709747.57
2022,2023-04-20,22627.0,262,1732374.57
2022,2023-04-21,19799.5,263,1752174.07
2022,2023-04-22,4218.5,264,1756392.57
2022,2023-04-23,14168.0,265,1770560.57
2022,2023-04-24,15385.0,266,1785945.57
2022,2023-04-25,13180.96,267,1799126.53
2022,2023-04-26,9406.5,268,1808533.03
2022,2023-04-27,16789.0,269,1825322.03
2022,2023-04-28,15071.0,270,1840393.03
2022,2023-04-29,1299.5,271,1841692.53
2022,2023-04-30,6619.5,272,1848312.03
2022,2023-05-01,3055.0,273,1851367.03
2022,2023-05-02,13428.5,274,1864795.53
2022,2023-05-03,8262.0,275,1873057.53
2022,2023-05-04,5616.5,276,1878674.03
2022,2023-05-06,3967.5,278,1882641.53
2022,2023-05-07,9942.5,279,1892584.03
2022,2023-05-08,13000.5,280,1905584.53
2022,2023-05-09,6239.5,281,1911824.03
2022,2023-05-10,4760.5,282,1916584.53
2022,2023-05-11,6163.0,283,1922747.53
2022,2023-05-12,5741.5,284,1928489.03
2022,2023-05-14,8769.0,286,1937258.03
2022,2023-05-15,4574.5,287,1941832.53
2022,2023-05-16,2305.0,288,1944137.53
2022,2023-05-17,3023.0,289,1947160.53
2022,2023-05-19,8241.0,291,1955401.53
2022,2023-05-21,4351.5,293,1959753.03
2022,2023-05-22,5103.0,294,1964856.03
2022,2023-05-23,3510.5,295,1968366.53
2022,2023-05-24,2841.0,296,1971207.53
2022,2023-05-25,2824.0,297,1974031.53
2022,2023-05-26,3322.0,298,1977353.53
2022,2023-05-30,470.0,302,1977823.53
2022,2023-06-02,418.0,305,1978241.53
2022,2023-06-05,356.5,308,1978598.03
2022,2023-06-06,222.5,309,1978820.53
2022,2023-06-07,520.5,310,1979341.03
2022,2023-06-08,156.5,311,1979497.53
2022,2023-06-09,408.5,312,1979906.03
2022,2023-06-12,1290.5,315,1981196.53
2022,2023-06-15,603.0,318,1981799.53
2022,2023-06-19,647.5,322,1982447.03
2022,2023-06-24,307.49,327,1982754.52
2022,2023-06-30,461.0,333,1983215.52
2022,2023-07-24,96.72,357,1983312.24
2022,2023-07-27,292.2,360,1983604.44
